users,concurrency,variant,complexity,n,mean,std,ci_lower,ci_upper
1000,1,neo4j_normal,complex,150,16.604466666666667,13.617695778076795,14.407376730986343,18.80155660234699
1000,1,neo4j_normal,create,200,13.5163,3.9109469235974017,12.970963879247588,14.06163612075241
1000,1,neo4j_normal,delete,200,11.67875,4.955987591036984,10.987695096880222,12.36980490311978
1000,1,neo4j_normal,easy,150,674.6067999999999,1197.650441432523,481.37691924655314,867.8366807534467
1000,1,neo4j_normal,medium,150,193.69906666666668,267.42143960710996,150.55307757122637,236.845055762107
1000,1,neo4j_normal,update,200,122.02555000000001,227.20402592533634,90.34458768116488,153.70651231883514
1000,1,neo4j_normal,very_complex,150,13.793199999999997,8.394383334734588,12.43884347437693,15.147556525623065
1000,1,neo4j_optimized,complex,150,16.50366666666666,12.577798775453285,14.474354545665268,18.532978787668053
1000,1,neo4j_optimized,create,200,13.54395,3.5094312124151066,13.05460058135192,14.033299418648081
1000,1,neo4j_optimized,delete,200,11.415,3.2501304187206808,10.961807065115003,11.868192934884995
1000,1,neo4j_optimized,easy,150,653.1282,1173.0717419109083,463.863866298793,842.392533701207
1000,1,neo4j_optimized,medium,150,218.14393333333334,422.75960445100003,149.9355603979625,286.3523062687042
1000,1,neo4j_optimized,update,200,120.00274999999998,219.92363055689154,89.33695424960285,150.6685457503971
1000,1,neo4j_optimized,very_complex,150,13.5028,6.315555326908974,12.483843248937697,14.521756751062304
1000,1,postgres_normal,complex,150,2.5246000000000004,1.1250536929767117,2.343082936744809,2.7061170632551916
1000,1,postgres_normal,create,200,2.9354499999999994,2.632905000414187,2.568321980294021,3.3025780197059778
1000,1,postgres_normal,delete,200,2.5044999999999997,1.6121027031886463,2.279711003476693,2.7292889965233065
1000,1,postgres_normal,easy,150,12.525733333333331,23.614849109234246,8.715694678039217,16.335771988627446
1000,1,postgres_normal,medium,150,7.258799999999998,7.218466430671978,6.094166848816802,8.423433151183193
1000,1,postgres_normal,update,200,2.6601,1.7808416478941558,2.4117823176307303,2.9084176823692696
1000,1,postgres_normal,very_complex,150,3.6316,0.7374862801590405,3.512613373316188,3.750586626683812
1000,1,postgres_optimized,complex,150,1.946,0.2837571511087767,1.9002183941366868,1.991781605863313
1000,1,postgres_optimized,create,200,4.1613999999999995,1.903565826093586,3.8959698564878806,4.4268301435121185
1000,1,postgres_optimized,delete,200,3.6922,1.7573018262503208,3.4471646723313265,3.937235327668674
1000,1,postgres_optimized,easy,150,12.554,23.770305286697912,8.71887992061543,16.38912007938457
1000,1,postgres_optimized,medium,150,7.554866666666666,7.706953605330731,6.311420603766093,8.79831272956724
1000,1,postgres_optimized,update,200,3.8045500000000003,2.1481053466722737,3.505021660800692,4.104078339199309
1000,1,postgres_optimized,very_complex,150,3.233666666666667,0.9700525251583006,3.077157615881602,3.3901757174517324
1000,3,neo4j_normal,complex,150,42.556133333333335,40.96450892736242,35.9468866772808,49.16537998938587
1000,3,neo4j_normal,create,200,12.0523,3.8318667413700718,11.517990692100517,12.586609307899485
1000,3,neo4j_normal,delete,200,11.5911,2.895628448291107,11.187338247161149,11.994861752838853
1000,3,neo4j_normal,easy,150,1939.9619333333335,3757.833076206169,1333.6701372578866,2546.2537294087806
1000,3,neo4j_normal,medium,150,341.8862,503.025628548624,260.7276424962623,423.0447575037376
1000,3,neo4j_normal,update,200,138.1806,304.0911074444201,95.77862724796168,180.58257275203832
1000,3,neo4j_normal,very_complex,150,13.914800000000001,9.85688303919257,12.324482601556356,15.505117398443646
1000,3,neo4j_optimized,complex,150,42.819066666666664,42.14228454621379,36.01979674964263,49.6183365836907
1000,3,neo4j_optimized,create,200,12.16705,3.328004487201628,11.702998430814352,12.631101569185647
1000,3,neo4j_optimized,delete,200,11.94585,2.961775794482749,11.53286476807158,12.35883523192842
1000,3,neo4j_optimized,easy,150,1903.0725333333335,3743.3311885293233,1299.1204834221721,2507.024583244495
1000,3,neo4j_optimized,medium,150,320.1002,445.98787755889725,248.14415889078464,392.0562411092153
1000,3,neo4j_optimized,update,200,115.71260000000001,188.6919668294595,89.40169698389121,142.0235030161088
1000,3,neo4j_optimized,very_complex,150,13.711200000000002,10.57780637996747,12.004568252768836,15.417831747231167
1000,3,postgres_normal,complex,150,26.490133333333333,2.8035021211293443,26.037814057343336,26.94245260932333
1000,3,postgres_normal,create,200,24.203549999999996,2.1983230011961252,23.89701939218229,24.510080607817702
1000,3,postgres_normal,delete,200,24.019949999999998,2.245948333574356,23.706778592775894,24.3331214072241
1000,3,postgres_normal,easy,150,44.674,46.507749314589766,37.170402503371264,52.177597496628735
1000,3,postgres_normal,medium,150,34.17653333333333,13.547038359148859,31.990843322173102,36.36222334449356
1000,3,postgres_normal,update,200,24.02135,2.728243250457763,23.640928168730284,24.40177183126972
1000,3,postgres_normal,very_complex,150,27.27413333333333,2.4953869349776743,26.871525608075284,27.67674105859138
1000,3,postgres_optimized,complex,150,25.475266666666666,1.3153490856051244,25.26304719246297,25.687486140870362
1000,3,postgres_optimized,create,200,25.900549999999996,3.034222425289658,25.477462926911972,26.32363707308802
1000,3,postgres_optimized,delete,200,24.65395,2.650079148813272,24.2844272447867,25.023472755213298
1000,3,postgres_optimized,easy,150,44.434266666666666,46.48097242722833,36.934989374475556,51.933543958857776
1000,3,postgres_optimized,medium,150,36.5588,16.691300025369888,33.86581229511972,39.25178770488028
1000,3,postgres_optimized,update,200,24.980700000000002,2.1196279445024255,24.685142503753,25.276257496247005
1000,3,postgres_optimized,very_complex,150,26.985799999999998,2.3993914972440367,26.598680255495296,27.3729197445047
1000,5,neo4j_normal,complex,150,68.9052,68.38482718327148,57.871937250843224,79.93846274915676
1000,5,neo4j_normal,create,200,11.83185,3.2965153030459424,11.372189231781121,12.291510768218878
1000,5,neo4j_normal,delete,200,11.675449999999998,7.496557923540978,10.630142074097694,12.720757925902301
1000,5,neo4j_normal,easy,150,3140.8082,6279.085365593531,2127.735541684857,4153.880858315143
1000,5,neo4j_normal,medium,150,441.0702666666666,606.3387083771236,343.2430941773626,538.8974391559706
1000,5,neo4j_normal,update,200,151.82235,383.943545361949,98.28588230919816,205.35881769080186
1000,5,neo4j_normal,very_complex,150,15.888799999999998,11.265909789384537,14.07114909797383,17.706450902026166
1000,5,neo4j_optimized,complex,150,70.2562,72.2536142443347,58.59874405004957,81.91365594995045
1000,5,neo4j_optimized,create,200,12.1475,6.389806875762972,11.256515652204136,13.038484347795865
1000,5,neo4j_optimized,delete,200,11.8449,2.905640328497828,11.439742206759673,12.250057793240329
1000,5,neo4j_optimized,easy,150,3139.2445333333335,6280.098819896056,2126.0083634899083,4152.480703176759
1000,5,neo4j_optimized,medium,150,453.128,635.4521763332875,350.60363728984987,555.6523627101501
1000,5,neo4j_optimized,update,200,146.29575,298.5402974145018,104.66777323100224,187.92372676899777
1000,5,neo4j_optimized,very_complex,150,15.128333333333334,10.432515729770149,13.445142895887551,16.811523770779118
1000,5,postgres_normal,complex,150,47.59506666666667,4.349045216001754,46.89338823078332,48.29674510255001
1000,5,postgres_normal,create,200,45.516549999999995,3.1903523847995197,45.07169241759142,45.96140758240857
1000,5,postgres_normal,delete,200,45.552550000000004,3.2979809565016045,45.09268486343108,46.012415136568926
1000,5,postgres_normal,easy,150,75.17699999999999,70.12082480123412,63.86365000576531,86.49034999423468
1000,5,postgres_normal,medium,150,55.338266666666655,13.709508518580419,53.12636358995167,57.55016974338164
1000,5,postgres_normal,update,200,44.556450000000005,1.9562167100254804,44.283678302291804,44.829221697708206
1000,5,postgres_normal,very_complex,150,48.53266666666667,2.828346605176894,48.076338961736305,48.98899437159704
1000,5,postgres_optimized,complex,150,47.09146666666667,3.0803007755751626,46.594488474234154,47.588444859099184
1000,5,postgres_optimized,create,200,45.9572,3.6483985830917005,45.44847319569151,46.46592680430849
1000,5,postgres_optimized,delete,200,45.163000000000004,2.6277072184949857,44.796596750607634,45.529403249392374
1000,5,postgres_optimized,easy,150,75.05039999999998,72.74553485575363,63.31357718489735,86.78722281510262
1000,5,postgres_optimized,medium,150,58.27260000000001,16.724659863717616,55.57422999210135,60.97097000789867
1000,5,postgres_optimized,update,200,45.5712,2.91984142200364,45.164062029223594,45.9783379707764
1000,5,postgres_optimized,very_complex,150,48.38746666666666,3.2314034158232525,47.86610945332238,48.90882388001094
1000,10,neo4j_normal,complex,150,132.23613333333333,134.4466638978844,110.54440097642538,153.92786569024128
1000,10,neo4j_normal,create,200,13.240050000000002,7.87311208908756,12.142235969590544,14.33786403040946
1000,10,neo4j_normal,delete,200,11.835799999999999,2.74353316567447,11.453246167653868,12.21835383234613
1000,10,neo4j_normal,easy,150,6317.674133333333,12751.181795750255,4260.388257071113,8374.960009595554
1000,10,neo4j_normal,medium,150,804.8282666666667,1213.6639685611306,609.014750629955,1000.6417827033783
1000,10,neo4j_normal,update,200,142.43975,222.9113371873913,111.35735326379243,173.5221467362076
1000,10,neo4j_normal,very_complex,150,23.20513333333333,16.586255033079993,20.52909367158126,25.881172995085397
1000,10,neo4j_optimized,complex,150,136.88126666666668,139.26851936084466,114.41157229022011,159.35096104311324
1000,10,neo4j_optimized,create,200,13.77485,6.106957723834636,12.923305680996148,14.626394319003854
1000,10,neo4j_optimized,delete,200,12.124600000000001,3.624798845917775,11.619163904916828,12.630036095083174
1000,10,neo4j_optimized,easy,150,6296.098733333333,12688.262835796584,4248.96425242687,8343.233214239797
1000,10,neo4j_optimized,medium,150,1076.511,2003.335504053764,753.2912464177816,1399.7307535822183
1000,10,neo4j_optimized,update,200,138.35,212.59812609497638,108.70566075715902,167.99433924284097
1000,10,neo4j_optimized,very_complex,150,21.2086,14.654633325082463,18.844209730578708,23.572990269421293
1000,10,postgres_normal,complex,150,101.48726666666667,5.7090768299751655,100.56615964169129,102.40837369164205
1000,10,postgres_normal,create,200,97.85895000000001,4.534441996386431,97.22667473357639,98.49122526642363
1000,10,postgres_normal,delete,200,94.63159999999999,6.577136845575523,93.7144946638517,95.54870533614829
1000,10,postgres_normal,easy,150,150.33973333333333,137.7413442045783,128.11643461886473,172.56303204780193
1000,10,postgres_normal,medium,150,109.10526666666668,22.070735633524354,105.54435651536605,112.66617681796731
1000,10,postgres_normal,update,200,97.53564999999999,4.458758821538032,96.91392787320837,98.15737212679161
1000,10,postgres_normal,very_complex,150,103.50346666666665,5.213896375873279,102.66225245247092,104.34468088086238
1000,10,postgres_optimized,complex,150,100.03826666666667,4.207142336529753,99.35948295492851,100.71705037840483
1000,10,postgres_optimized,create,200,98.46095000000001,4.115925999293268,97.88703192808356,99.03486807191646
1000,10,postgres_optimized,delete,200,95.0254,5.959226859569879,94.19445503404476,95.85634496595524
1000,10,postgres_optimized,easy,150,147.68226666666664,135.0208426373706,125.8978958523893,169.46663748094397
1000,10,postgres_optimized,medium,150,113.28399999999999,34.839161757228155,107.6630217587637,118.90497824123628
1000,10,postgres_optimized,update,200,97.71265,3.760075974521108,97.1883510806494,98.2369489193506
1000,10,postgres_optimized,very_complex,150,102.97060000000002,5.615519510172457,102.06458758787967,103.87661241212037
10000,1,neo4j_normal,complex,150,37.0796,22.212621929733746,33.49579780011105,40.66340219988895
10000,1,neo4j_normal,create,200,18.67785,8.52090228533818,17.489709151153484,19.865990848846515
10000,1,neo4j_normal,delete,200,14.46015,4.616683692770762,13.816407084296934,15.103892915703067
10000,1,neo4j_normal,easy,150,657.7392666666667,1171.7680349246907,468.68527409403055,846.7932592393029
10000,1,neo4j_normal,medium,150,202.8038,281.54911626217796,157.3784402460253,248.2291597539747
10000,1,neo4j_normal,update,200,109.15870000000001,173.72187471959438,84.93520244297397,133.38219755702605
10000,1,neo4j_normal,very_complex,150,95.48866666666666,67.49422204121288,84.59909486392039,106.37823846941293
10000,1,neo4j_optimized,complex,150,41.71293333333333,29.758904968006714,36.91160778842468,46.51425887824198
10000,1,neo4j_optimized,create,200,24.1158,15.17160828156482,22.000295451491986,26.231304548508014
10000,1,neo4j_optimized,delete,200,21.612799999999996,16.055116223332785,19.374100531430393,23.8514994685696
10000,1,neo4j_optimized,easy,150,652.6620666666666,1168.304993336685,464.166803995465,841.1573293378683
10000,1,neo4j_optimized,medium,150,202.97546666666668,270.95114094484074,159.25999273242047,246.69094060091288
10000,1,neo4j_optimized,update,200,119.583,203.46778213228043,91.21178116892158,147.9542188310784
10000,1,neo4j_optimized,very_complex,150,83.21693333333334,50.54283553669586,75.06231179617168,91.371554870495
10000,1,postgres_normal,complex,150,13.578466666666667,10.365213034823293,11.90613489988894,15.250798433444395
10000,1,postgres_normal,create,200,3.3095,2.5128733378465977,2.959109001407022,3.659890998592978
10000,1,postgres_normal,delete,200,2.82505,1.8632596922878257,2.5652400786697624,3.0848599213302377
10000,1,postgres_normal,easy,150,12.27206666666667,22.784631942324715,8.59597591354133,15.948157419792008
10000,1,postgres_normal,medium,150,30.64286666666667,40.24953848310448,24.148973914313242,37.136759419020095
10000,1,postgres_normal,update,200,2.9785500000000003,2.1965222391854313,2.672270487527871,3.2848295124721294
10000,1,postgres_normal,very_complex,150,27.821466666666673,7.399884851876352,26.627563322209163,29.015370011124183
10000,1,postgres_optimized,complex,150,4.359133333333334,3.594194972296499,3.7792430399095,4.9390236267571686
10000,1,postgres_optimized,create,200,3.6832,2.204253941175093,3.375842391493272,3.9905576085067276
10000,1,postgres_optimized,delete,200,3.1296999999999997,1.097524812278902,2.9766629132662428,3.2827370867337566
10000,1,postgres_optimized,easy,150,12.359266666666668,22.971185571770278,8.653077201659444,16.06545613167389
10000,1,postgres_optimized,medium,150,8.388933333333332,8.641809339093513,6.994656898140999,9.783209768525666
10000,1,postgres_optimized,update,200,3.62965,2.0052710383351995,3.350038246001302,3.9092617539986976
10000,1,postgres_optimized,very_complex,150,26.53346666666667,10.63525402470587,24.817566270455515,28.249367062877823
10000,3,neo4j_normal,complex,150,73.33,42.55891275671357,66.4635109540479,80.19648904595209
10000,3,neo4j_normal,create,200,18.55475,7.831149497343844,17.462787165591223,19.646712834408774
10000,3,neo4j_normal,delete,200,15.119450000000002,4.539181428152927,14.486513874867578,15.752386125132427
10000,3,neo4j_normal,easy,150,1908.0450666666668,3733.974764641857,1305.6025896738702,2510.4875436594634
10000,3,neo4j_normal,medium,150,320.3834666666667,433.6495133741609,250.4181071099564,390.34882622337705
10000,3,neo4j_normal,update,200,121.60029999999999,204.37332193931908,93.1028141611599,150.09778583884008
10000,3,neo4j_normal,very_complex,150,107.69893333333333,72.0456577656241,96.07502924809484,119.32283741857182
10000,3,neo4j_optimized,complex,150,77.637,48.288645249862974,69.84607132784436,85.42792867215564
10000,3,neo4j_optimized,create,200,27.691149999999997,32.49946719590319,23.159476798249695,32.2228232017503
10000,3,neo4j_optimized,delete,200,19.18435,9.344007274033231,17.88143672128526,20.487263278714735
10000,3,neo4j_optimized,easy,150,1896.474866666667,3726.1901517137458,1295.2883653540625,2497.6613679792713
10000,3,neo4j_optimized,medium,150,354.15833333333336,526.0686156810594,269.2820018433248,439.0346648233419
10000,3,neo4j_optimized,update,200,116.92735,183.63345492123446,91.321797712168,142.532902287832
10000,3,neo4j_optimized,very_complex,150,95.47426666666668,62.33576650447336,85.41696420875853,105.53156912457483
10000,3,postgres_normal,complex,150,42.7524,13.567555688321486,40.563399706530134,44.94140029346987
10000,3,postgres_normal,create,200,24.7837,1.8112940791616445,24.531136079811777,25.036263920188222
10000,3,postgres_normal,delete,200,24.13035,0.9254711566597013,24.001303797046976,24.259396202953024
10000,3,postgres_normal,easy,150,45.016933333333334,46.01301242779144,37.5931570819805,52.44070958468617
10000,3,postgres_normal,medium,150,74.37099999999998,69.5847810807341,63.14413572865031,85.59786427134965
10000,3,postgres_normal,update,200,24.83045,2.7118752986961607,24.45231048948091,25.208589510519086
10000,3,postgres_normal,very_complex,150,55.45,8.001723136572673,54.15899558501174,56.74100441498827
10000,3,postgres_optimized,complex,150,31.478933333333334,8.815370434733074,30.056654412061878,32.90121225460479
10000,3,postgres_optimized,create,200,26.35315,3.457311613881136,25.87106805397043,26.83523194602957
10000,3,postgres_optimized,delete,200,24.824700000000004,2.2723589031939087,24.50784594561536,25.141554054384645
10000,3,postgres_optimized,easy,150,44.720533333333336,45.998957484344494,37.299024717805025,52.142041948861646
10000,3,postgres_optimized,medium,150,33.526666666666664,11.554976595230778,31.66237749483229,35.390955838501036
10000,3,postgres_optimized,update,200,25.24715,2.3672290222364616,24.917067409482122,25.57723259051788
10000,3,postgres_optimized,very_complex,150,52.1416,11.334194155490827,50.312932043695234,53.97026795630476
10000,5,neo4j_normal,complex,150,113.12286666666667,66.17450219980124,102.44621951936402,123.79951381396931
10000,5,neo4j_normal,create,200,17.32335,8.011419881650225,16.20625055443677,18.44044944556323
10000,5,neo4j_normal,delete,200,14.514250000000002,4.435940971090009,13.895709557411797,15.132790442588208
10000,5,neo4j_normal,easy,150,3140.4440666666665,6281.91753856979,2126.91446329682,4153.973670036513
10000,5,neo4j_normal,medium,150,437.8332666666667,579.8899159190124,344.27336352069506,531.3931698126383
10000,5,neo4j_normal,update,200,122.2286,192.16725996394456,95.4331077236784,149.0240922763216
10000,5,neo4j_normal,very_complex,150,107.7978,78.4708172564765,95.1372555401675,120.45834445983249
10000,5,neo4j_optimized,complex,150,111.75293333333333,65.5070802725511,101.18396857394058,122.32189809272609
10000,5,neo4j_optimized,create,200,23.3594,15.630236051805994,21.17994513613905,25.53885486386095
10000,5,neo4j_optimized,delete,200,19.39515,9.995075972496652,18.00145275379619,20.78884724620381
10000,5,neo4j_optimized,easy,150,3148.2906,6301.986096415245,2131.5231194456114,4165.058080554388
10000,5,neo4j_optimized,medium,150,461.551,659.0812220885462,355.214308136324,567.887691863676
10000,5,neo4j_optimized,update,200,124.18985,192.92935753657315,97.28809206934685,151.09160793065317
10000,5,neo4j_optimized,very_complex,150,91.63066666666666,56.14925767815284,82.57150049413424,100.68983283919907
10000,5,postgres_normal,complex,150,64.15713333333333,13.966840131922952,61.90371216816777,66.4105544984989
10000,5,postgres_normal,create,200,45.73675,2.8586342695305875,45.3381466556821,46.1353533443179
10000,5,postgres_normal,delete,200,45.3658,2.4904285841323204,45.018538661604644,45.713061338395356
10000,5,postgres_normal,easy,150,76.03446666666666,70.15946630448205,64.71488222137144,87.35405111196188
10000,5,postgres_normal,medium,150,166.4985333333333,169.74066995496577,139.1124377918187,193.88462887484792
10000,5,postgres_normal,update,200,45.62225,3.8648857872181948,45.0833365696909,46.1611634303091
10000,5,postgres_normal,very_complex,150,78.27640000000001,8.682150499075133,76.87561488976942,79.6771851102306
10000,5,postgres_optimized,complex,150,52.26393333333333,9.044532398319472,50.804681237448364,53.72318542921829
10000,5,postgres_optimized,create,200,46.34285,2.839645100887605,45.94689447468,46.73880552532
10000,5,postgres_optimized,delete,200,45.6755,2.552839733222121,45.31953615180299,46.031463848197006
10000,5,postgres_optimized,easy,150,75.56806666666667,71.16137930289734,64.08683277633176,87.04930055700157
10000,5,postgres_optimized,medium,150,56.31633333333334,13.062548052853609,54.20881137594985,58.42385529071683
10000,5,postgres_optimized,update,200,45.70455,1.8291170392339802,45.44950087505292,45.959599124947076
10000,5,postgres_optimized,very_complex,150,75.11720000000001,13.359223700469823,72.96181215618745,77.27258784381257
10000,10,neo4j_normal,complex,150,204.489,115.8166863564599,185.80304313002213,223.17495686997788
10000,10,neo4j_normal,create,200,18.33735,7.226200616802122,17.32974026017751,19.344959739822492
10000,10,neo4j_normal,delete,200,15.7854,4.717198495743125,15.12764146255571,16.44315853744429
10000,10,neo4j_normal,easy,150,6299.541466666667,12714.554136389383,4248.165126280468,8350.917807052865
10000,10,neo4j_normal,medium,150,912.5648,1423.1610418232303,682.9508584933892,1142.1787415066108
10000,10,neo4j_normal,update,200,136.85955,208.49437887726032,107.78743063944762,165.9316693605524
10000,10,neo4j_normal,very_complex,150,118.36126666666668,86.83253166931682,104.35163651121593,132.37089682211743
10000,10,neo4j_optimized,complex,150,202.67953333333335,117.88375751713185,183.66007354792401,221.6989931187427
10000,10,neo4j_optimized,create,200,25.741899999999998,17.694713044824816,23.27457779946859,28.209222200531404
10000,10,neo4j_optimized,delete,200,21.215600000000006,10.744740381663334,19.717370759691537,22.713829240308474
10000,10,neo4j_optimized,easy,150,6334.779533333334,12795.657764147245,4270.317868733855,8399.241197932814
10000,10,neo4j_optimized,medium,150,818.3169999999999,1179.471248176985,628.0201648360156,1008.6138351639842
10000,10,neo4j_optimized,update,200,147.2317,224.13445644285633,115.97875349080309,178.4846465091969
10000,10,neo4j_optimized,very_complex,150,108.20013333333333,69.04354457124843,97.06059259359964,119.33967407306702
10000,10,postgres_normal,complex,150,122.34713333333333,18.020693263212735,119.43966025948717,125.2546064071795
10000,10,postgres_normal,create,200,98.71334999999999,4.395635715595766,98.10042965712333,99.32627034287665
10000,10,postgres_normal,delete,200,98.15114999999997,3.8804219551810673,97.61007023152936,98.69222976847058
10000,10,postgres_normal,easy,150,152.8648,137.23528101522894,130.72314992552583,175.00645007447417
10000,10,postgres_normal,medium,150,264.995,234.15064964360764,227.2169467853588,302.7730532146412
10000,10,postgres_normal,update,200,98.52795,4.781429980748858,97.86123512805477,99.19466487194524
10000,10,postgres_normal,very_complex,150,138.30113333333338,11.445879627704528,136.45444595355482,140.14782071311194
10000,10,postgres_optimized,complex,150,107.84173333333334,12.353442187833446,105.84861908374106,109.83484758292562
10000,10,postgres_optimized,create,200,99.39654999999999,3.923010534752474,98.8495317487973,99.94356825120268
10000,10,postgres_optimized,delete,200,98.88785,5.240049855674061,98.15718591361193,99.61851408638807
10000,10,postgres_optimized,easy,150,150.10546666666664,135.2847562487019,128.27851581911534,171.93241751421795
10000,10,postgres_optimized,medium,150,114.21946666666666,18.46611715914104,111.24012854495894,117.19880478837439
10000,10,postgres_optimized,update,200,98.31835,4.23340446263065,97.72805092094642,98.90864907905357
10000,10,postgres_optimized,very_complex,150,132.9528,15.306684775574098,130.4832072276907,135.42239277230928
100000,1,neo4j_normal,complex,150,255.24926666666667,296.34228135426537,207.437165817109,303.0613675162243
100000,1,neo4j_normal,create,200,73.14309999999999,59.99103847137814,64.77804651320973,81.50815348679025
100000,1,neo4j_normal,delete,200,48.9089,36.96300828799643,43.754837839377785,54.06296216062222
100000,1,neo4j_normal,easy,150,665.1548,1175.1614970447833,475.55330353297,854.7562964670301
100000,1,neo4j_normal,medium,150,225.3784666666667,237.12478529455504,187.12056402576906,263.63636930756434
100000,1,neo4j_normal,update,200,115.6859,171.0003132654276,91.84189257536354,139.52990742463646
100000,1,neo4j_normal,very_complex,150,1002.1516666666666,846.5506776296326,865.5685028058786,1138.7348305274547
100000,1,neo4j_optimized,complex,150,273.16093333333333,276.65473774588395,228.52523652636552,317.79663014030115
100000,1,neo4j_optimized,create,200,136.843,150.8305379520158,115.81143346007548,157.8745665399245
100000,1,neo4j_optimized,delete,200,104.58220000000001,95.06698337911023,91.32621342171352,117.83818657828651
100000,1,neo4j_optimized,easy,150,656.7506666666665,1149.5639394390435,471.27910063060625,842.2222327027266
100000,1,neo4j_optimized,medium,150,236.64926666666668,257.8547577287478,195.04677368212077,278.2517596512126
100000,1,neo4j_optimized,update,200,128.34895,173.42447840181677,104.16692090507053,152.53097909492948
100000,1,neo4j_optimized,very_complex,150,877.2647333333333,548.059297997708,788.840407558239,965.6890591084276
100000,1,postgres_normal,complex,150,43.1136,35.76991023511504,37.34245405442219,48.884745945577805
100000,1,postgres_normal,create,200,4.14635,2.0096936383689186,3.8661215657974686,4.426578434202532
100000,1,postgres_normal,delete,200,3.9821500000000003,1.8208278192174516,3.7282567105004936,4.236043289499507
100000,1,postgres_normal,easy,150,12.232733333333334,22.88684880413739,8.540150829914452,15.925315836752215
100000,1,postgres_normal,medium,150,36.706266666666664,46.643134536515646,29.18082600997762,44.231707323355714
100000,1,postgres_normal,update,200,3.9607,1.7435055399508188,3.7175884042045375,4.203811595795463
100000,1,postgres_normal,very_complex,150,337.0731333333333,75.82625831364669,324.83926412989473,349.3070025367719
100000,1,postgres_optimized,complex,150,27.106133333333336,35.843102633910696,21.32317846755472,32.88908819911195
100000,1,postgres_optimized,create,200,3.2128499999999995,1.529388940116527,2.9995944769724394,3.4261055230275597
100000,1,postgres_optimized,delete,200,3.69025,2.435415504776243,3.3506595965144648,4.029840403485535
100000,1,postgres_optimized,easy,150,12.375533333333333,23.05492262177856,8.655833665659301,16.095233001007365
100000,1,postgres_optimized,medium,150,17.137999999999998,18.823344316968964,14.101026562743591,20.174973437256405
100000,1,postgres_optimized,update,200,3.38215,2.034852081224164,3.0984135131700934,3.665886486829907
100000,1,postgres_optimized,very_complex,150,291.9672,104.9868686715137,275.02853458289434,308.90586541710564
100000,3,neo4j_normal,complex,150,273.0062,167.0832328880092,246.0488574817328,299.96354251826716
100000,3,neo4j_normal,create,200,73.68825000000001,61.37528383450729,65.13017957607269,82.24632042392733
100000,3,neo4j_normal,delete,200,47.342349999999996,31.91020091742533,42.892843136139994,51.79185686386
100000,3,neo4j_normal,easy,150,1899.1632666666667,3726.9550038694833,1297.8533634951104,2500.473169838223
100000,3,neo4j_normal,medium,150,364.08933333333334,440.42975373079037,293.03004437095757,435.1486222957091
100000,3,neo4j_normal,update,200,121.81604999999999,180.84594994901684,96.59918290218047,147.0329170978195
100000,3,neo4j_normal,very_complex,150,1063.5908,754.0702962731681,941.9284948834114,1185.2531051165884
100000,3,neo4j_optimized,complex,150,312.20093333333335,291.9115502044193,265.10369019360235,359.29817647306436
100000,3,neo4j_optimized,create,200,144.5206,168.04300034953067,121.0889555107119,167.95224448928812
100000,3,neo4j_optimized,delete,200,96.6139,92.09109693921197,83.77286621924242,109.45493378075759
100000,3,neo4j_optimized,easy,150,1903.0276666666664,3728.699881111272,1301.4362436044173,2504.6190897289152
100000,3,neo4j_optimized,medium,150,357.2595333333333,409.64133718164805,291.1676721383303,423.3513945283363
100000,3,neo4j_optimized,update,200,133.90335,178.5154985073119,109.01143728628453,158.79526271371546
100000,3,neo4j_optimized,very_complex,150,950.710666666667,609.7405097028628,852.3346448288559,1049.0866885044782
100000,3,postgres_normal,complex,150,80.17,39.7359291882847,73.75897338233708,86.58102661766293
100000,3,postgres_normal,create,200,25.98505,1.931446198991313,25.715732262332757,26.254367737667245
100000,3,postgres_normal,delete,200,25.2467,1.4700008922159122,25.041725450428196,25.451674549571806
100000,3,postgres_normal,easy,150,45.103199999999994,46.20721015413274,37.648091732054205,52.55830826794578
100000,3,postgres_normal,medium,150,63.553666666666665,51.713429855356935,55.210180505253724,71.8971528280796
100000,3,postgres_normal,update,200,25.606049999999996,1.72917963455007,25.364935985309604,25.84716401469039
100000,3,postgres_normal,very_complex,150,389.3691333333334,73.13377989910748,377.5696707522064,401.16859591446047
100000,3,postgres_optimized,complex,150,65.92786666666667,61.73584777190908,55.967355577212,75.88837775612134
100000,3,postgres_optimized,create,200,25.089650000000002,2.4810304184322147,24.743699126646796,25.43560087335321
100000,3,postgres_optimized,delete,200,24.462699999999998,2.2158417096922918,24.153726611771685,24.77167338822831
100000,3,postgres_optimized,easy,150,44.879133333333336,46.715956688383926,37.341943492379066,52.416323174287605
100000,3,postgres_optimized,medium,150,43.6926,23.939203965111734,39.830229672663044,47.55497032733695
100000,3,postgres_optimized,update,200,25.017799999999998,3.521352835054267,24.52678824955092,25.508811750449077
100000,3,postgres_optimized,very_complex,150,354.6818,106.28076240068,337.5343767330702,371.82922326692983
100000,5,neo4j_normal,complex,150,323.7711333333333,187.50005983904785,293.51972361429415,354.02254305237244
100000,5,neo4j_normal,create,200,79.45025000000001,71.48389454509436,69.48265122940897,89.41784877059105
100000,5,neo4j_normal,delete,200,49.422250000000005,34.856070225937366,44.56197587891784,54.28252412108217
100000,5,neo4j_normal,easy,150,3161.092866666667,6309.513682753115,2143.1108793078656,4179.074854025468
100000,5,neo4j_normal,medium,150,506.4906,611.5266125772791,407.8264068949332,605.1547931050667
100000,5,neo4j_normal,update,200,129.21185,189.52499448555923,102.78479095331049,155.63890904668952
100000,5,neo4j_normal,very_complex,150,1200.7601999999997,830.2016656279179,1066.814798820407,1334.7056011795923
100000,5,neo4j_optimized,complex,150,338.7368666666667,212.51674701995094,304.4492446158972,373.02448871743616
100000,5,neo4j_optimized,create,200,145.2809,168.70385309004396,121.75710727220586,168.80469272779416
100000,5,neo4j_optimized,delete,200,102.0069,99.60245297977325,88.11849486780969,115.89530513219032
100000,5,neo4j_optimized,easy,150,3167.4875333333334,6329.6302863872115,2146.259917043998,4188.715149622669
100000,5,neo4j_optimized,medium,150,534.6006,725.660838223927,417.5218995824243,651.6793004175756
100000,5,neo4j_optimized,update,200,144.04865,190.25840224230961,117.51932576055557,170.57797423944444
100000,5,neo4j_optimized,very_complex,150,1052.3368,633.2189302693313,950.1727509971744,1154.5008490028256
100000,5,postgres_normal,complex,150,167.08113333333336,129.2857267359128,146.22207070866463,187.94019595800208
100000,5,postgres_normal,create,200,45.52495,1.4766109497714437,45.319053754681434,45.73084624531856
100000,5,postgres_normal,delete,200,45.50940000000001,2.0783885911153366,45.219592852565654,45.79920714743436
100000,5,postgres_normal,easy,150,76.07546666666667,71.5033011542492,64.53906683117944,87.6118665021539
100000,5,postgres_normal,medium,150,99.63680000000001,72.44973720148168,87.94770141517758,111.32589858482244
100000,5,postgres_normal,update,200,45.3267,2.6117966072395338,44.962515300536936,45.69088469946307
100000,5,postgres_normal,very_complex,150,430.2793333333333,78.18353569162659,417.66513911109786,442.8935275555687
100000,5,postgres_optimized,complex,150,165.98233333333332,169.7671847225281,138.59195987799927,193.37270678866736
100000,5,postgres_optimized,create,200,46.4274,3.161401196880616,45.986579324463165,46.86822067553683
100000,5,postgres_optimized,delete,200,45.77975000000001,2.5229860743087307,45.42794889777223,46.13155110222778
100000,5,postgres_optimized,easy,150,75.245,70.54827858810566,63.86268426968125,86.62731573031876
100000,5,postgres_optimized,medium,150,65.34339999999999,23.66466220666808,61.52532445969827,69.16147554030171
100000,5,postgres_optimized,update,200,45.7993,2.304572799662602,45.477954091934464,46.12064590806554
100000,5,postgres_optimized,very_complex,150,394.7222,110.70902942913438,376.860316586561,412.584083413439
100000,10,neo4j_normal,complex,150,458.9224,227.73823797173324,422.1789304166362,495.66586958336376
100000,10,neo4j_normal,create,200,85.93060000000001,81.31021321151798,74.59283522933055,97.26836477066948
100000,10,neo4j_normal,delete,200,54.1641,38.22641612338503,48.833870291891536,59.49432970810846
100000,10,neo4j_normal,easy,150,6321.205333333332,12751.029174757847,4263.944081064177,8378.466585602488
100000,10,neo4j_normal,medium,150,846.4296,1091.6899626737088,670.2954676943673,1022.5637323056328
100000,10,neo4j_normal,update,200,147.9609,212.073556889701,118.3897058396824,177.53209416031763
100000,10,neo4j_normal,very_complex,150,1625.349466666667,1204.6126342113996,1430.9963001581248,1819.7026331752093
100000,10,neo4j_optimized,complex,150,473.6696,247.49550521545305,433.7384771069179,513.6007228930821
100000,10,neo4j_optimized,create,200,158.11075,179.58774486995173,133.06932498573022,183.15217501426977
100000,10,neo4j_optimized,delete,200,112.60575,111.38170233260959,97.07486536784693,128.13663463215306
100000,10,neo4j_optimized,easy,150,6345.704133333333,12809.369222905174,4279.030251003962,8412.378015662704
100000,10,neo4j_optimized,medium,150,901.2902666666668,1269.687115504888,696.437931264242,1106.1426020690915
100000,10,neo4j_optimized,update,200,160.9955,208.53326386319566,131.91795857982885,190.07304142017114
100000,10,neo4j_optimized,very_complex,150,1444.1954,884.3357514800655,1301.5159620831141,1586.874837916886
100000,10,postgres_normal,complex,150,265.9166666666667,172.98860250567958,238.00654708795557,293.8267862453778
100000,10,postgres_normal,create,200,98.37810000000002,4.057783437063954,97.81228923302945,98.94391076697059
100000,10,postgres_normal,delete,200,98.21130000000001,4.468879021470901,97.58816672887929,98.83443327112073
100000,10,postgres_normal,easy,150,149.41473333333332,134.61586551836032,127.69570185155823,171.1337648151084
100000,10,postgres_normal,medium,150,196.57646666666668,133.77526514248376,174.99305832230525,218.1598750110281
100000,10,postgres_normal,update,200,98.1188,4.50604759011954,97.49048400371404,98.74711599628594
100000,10,postgres_normal,very_complex,150,534.3344666666668,80.34777628373104,521.3710921351636,547.29784119817
100000,10,postgres_optimized,complex,150,248.1965333333333,216.03761884998497,213.3408510035964,283.05221566307017
100000,10,postgres_optimized,create,200,98.53865,3.38808371113648,98.06622108088901,99.011078919111
100000,10,postgres_optimized,delete,200,97.6101,4.053866693149782,97.04483537747318,98.17536462252683
100000,10,postgres_optimized,easy,150,147.7798,135.00575837815862,125.99786289217653,169.56173710782346
100000,10,postgres_optimized,medium,150,123.97973333333333,30.008082243429214,119.1382053273804,128.82126133928625
100000,10,postgres_optimized,update,200,98.49880000000002,4.2266034167178566,97.90944924780119,99.08815075219884
100000,10,postgres_optimized,very_complex,150,486.178,123.96266046379347,466.1777651479608,506.17823485203917
