users,concurrency,variant,complexity,duration_ms_mean,duration_ms_std,duration_ms_var,avg_cpu_mean,avg_cpu_std,avg_cpu_var,avg_mem_mean,avg_mem_std,avg_mem_var
1000,1,neo4j_normal,easy,674.6068,1197.6504414325227,1434366.5798635166,18.302066666666665,13.787021048489734,190.08194939149897,4641.646933333333,404.55140853822786,163661.84215026413
1000,1,neo4j_normal,medium,193.69906666666668,267.42143960710996,71514.22636153917,29.939466666666668,14.078342250386429,198.19972051901564,7300.639533333333,25.06013873608895,628.0105534720258
1000,1,neo4j_normal,complex,16.604466666666667,13.617695778076799,185.4416383042507,41.513733333333334,31.125313950529332,968.7851685190159,7322.009666666666,21.42243666125904,458.92079250565536
1000,1,neo4j_normal,very_complex,13.7932,8.394383334734592,70.46567157046985,44.6854,52.53785562172155,2760.2262733288585,7334.852266666668,19.880708842731554,395.24258408946463
1000,1,neo4j_normal,create,13.5163,3.910946923597401,15.295505839195974,31.723699999999997,12.512496720515232,156.56257418090445,7352.4602,21.90147107241141,479.6744351356738
1000,1,neo4j_normal,update,122.02555000000001,227.20402592533637,51621.669396680925,42.61165,35.5440515244303,1263.3795987713559,7356.164350000001,22.26736640491121,495.8356066105685
1000,1,neo4j_normal,delete,11.67875,4.955987591036984,24.56181300251257,33.137100000000004,14.166079756529033,200.67781566834168,7361.08505,21.360976042422116,456.29129748493165
1000,1,neo4j_optimized,easy,653.1282,1173.0717419109083,1376097.3116698926,18.016266666666667,13.411071132527045,179.85682892170024,4696.7882,323.43980261692053,104613.30591687252
1000,1,neo4j_optimized,medium,218.14393333333334,422.75960445100003,178725.68315556602,36.18046666666667,46.44182783078184,2156.843372263983,7284.264533333333,23.056720623022912,531.6123658881301
1000,1,neo4j_optimized,complex,16.503666666666668,12.577798775453283,158.2010220357941,39.54546666666666,29.47176705147598,868.5850531364651,7306.596933333333,8.64696400510515,74.76998650558411
1000,1,neo4j_optimized,very_complex,13.5028,6.315555326908975,39.886239087248335,36.26133333333333,12.88773578953109,166.09373378076054,7316.608933333334,11.28427534206463,127.33486999552782
1000,1,neo4j_optimized,create,13.54395,3.5094312124151066,12.316107434673365,30.415100000000002,11.358968297956016,129.0261607939698,7333.3173,13.57477862743721,184.27461478392607
1000,1,neo4j_optimized,update,120.00274999999999,219.92363055689154,48366.40327732412,41.578149999999994,36.37429313516503,1323.0892010829139,7340.65545,13.611768806725475,185.2802500477447
1000,1,neo4j_optimized,delete,11.415,3.2501304187206808,10.563347738693468,34.9565,27.71892792980798,768.3389655778889,7343.67515,10.778553896417582,116.17722409797865
1000,1,postgres_normal,easy,12.525733333333333,23.61484910923425,557.6610984519017,149.93873333333335,107.02624798359132,11454.617757445185,2462.7588666666666,10.413428639135146,108.43949602236007
1000,1,postgres_normal,medium,7.2588,7.218466430671978,52.106257610738254,157.09726666666666,189.8547879810367,36044.840519324396,2468.699266666667,15.153147372659664,229.61787529754247
1000,1,postgres_normal,complex,2.5246,1.1250536929767117,1.2657458120805367,128.37893333333332,44.59259846410343,1988.4998377807597,2477.1424666666667,18.601250587122845,346.0065234049379
1000,1,postgres_normal,very_complex,3.6316,0.7374862801590405,0.5438860134228187,81.89653333333332,13.279636678677372,176.3487503176734,2477.464,18.60270082144925,346.06047785234864
1000,1,postgres_normal,create,2.9354500000000003,2.632905000414186,6.9321887412060255,132.14805,52.60152913207622,2766.920867032664,2327.7078500000002,485.71386041875735,235917.9542028921
1000,1,postgres_normal,update,2.6601,1.7808416478941556,3.1713969748743716,132.33665000000002,48.06693011971085,2310.429771133166,2150.83585,662.2282299494545,438546.2285419876
1000,1,postgres_normal,delete,2.5044999999999997,1.612102703188646,2.598875125628139,133.70315,43.13805975673197,1860.8921995753783,2175.06365,613.8787633348666,376847.13607354515
1000,1,postgres_optimized,easy,12.554,23.77030528669792,565.027413422819,198.8492,335.7223897876411,112709.52300472482,6369.6128,182.55674775026637,33326.96614915438
1000,1,postgres_optimized,medium,7.554866666666666,7.706953605330731,59.39713387472035,133.24273333333332,107.08022557843445,11466.174709928408,6376.412066666666,180.76026713920615,32674.274176237173
1000,1,postgres_optimized,complex,1.946,0.2837571511087768,0.08051812080536919,142.7524,22.185645540007297,492.20286802684564,6377.385,180.83728697200726,32702.124359396104
1000,1,postgres_optimized,very_complex,3.2336666666666667,0.9700525251583005,0.9410019015659953,93.79766666666666,21.274669956719368,452.6115817673377,6378.321466666666,180.83765504190697,32702.25748105574
1000,1,postgres_optimized,create,4.1613999999999995,1.9035658260935868,3.6235628542713596,76.5758,34.839826130219414,1213.8134847839194,5748.83065,1549.271694076741,2400242.7820674144
1000,1,postgres_optimized,update,3.80455,2.1481053466722737,4.614356580402009,87.95635,42.887355203594666,1839.3252363592987,5393.826,1808.71415476249,3271446.8936381885
1000,1,postgres_optimized,delete,3.6922,1.7573018262503217,3.088109708542716,85.97290000000001,36.6528550663187,1343.4317845125643,5444.0506000000005,1708.2830079138748,2918230.835127276
1000,3,neo4j_normal,easy,1939.9619333333333,3757.8330762061696,14121309.428629123,8.228466666666666,4.931864716252701,24.323289579418333,7395.184333333333,10.824009877167878,117.15918982102778
1000,3,neo4j_normal,medium,341.8862,503.02562854862396,253034.7829767382,49.09293333333333,40.90575961721401,1673.2811698612966,7426.857666666666,5.522866610089587,30.502055592842446
1000,3,neo4j_normal,complex,42.556133333333335,40.96450892736242,1678.0909916599553,25.516066666666667,20.519176818551035,421.03661731096213,7430.3284,4.909548302735758,24.10366453689556
1000,3,neo4j_normal,very_complex,13.914800000000001,9.856883039192569,97.15814324832215,50.02426666666667,18.20365120638846,331.37291724384806,7434.0402,3.4830865487439295,12.131891906040897
1000,3,neo4j_normal,create,12.0523,3.8318667413700718,14.683202723618093,37.5486,17.388207146767446,302.3497477788945,7435.1741,3.4199624127355714,11.696142904524113
1000,3,neo4j_normal,update,138.1806,304.0911074444201,92471.40162677385,48.8332,39.23133214497498,1539.0974218693473,7436.04035,3.33352415529944,11.112383293964847
1000,3,neo4j_normal,delete,11.591099999999999,2.8956284482911068,8.384664110552762,34.372350000000004,16.551819404691674,273.9627256055278,7436.7502,2.974689707225599,8.84877885427392
1000,3,neo4j_optimized,easy,1903.0725333333335,3743.3311885293238,14012528.38701636,8.5948,7.400657663501871,54.76973385234898,7372.237933333333,10.363266651988425,107.39729570021538
1000,3,neo4j_optimized,medium,320.1002,445.98787755889737,198905.18692949004,47.6068,36.813048101137234,1355.2005104966438,7424.692333333334,28.673212118226214,822.1530931767946
1000,3,neo4j_optimized,complex,42.819066666666664,42.14228454621379,1775.9721467740496,26.429733333333335,20.525967411633616,421.31533818344514,7433.1214,27.000430049520386,729.0232228590434
1000,3,neo4j_optimized,very_complex,13.711199999999998,10.57780637996747,111.88998781208049,49.166133333333335,22.887576970475017,523.8411795794183,7434.4354,25.0907825699638,629.5473699731991
1000,3,neo4j_optimized,create,12.16705,3.3280044872016283,11.075613866834173,37.39465,14.329318852316627,205.32937877135672,7435.548449999999,24.868634805371702,618.4489970829449
1000,3,neo4j_optimized,update,115.71260000000001,188.69196682945946,35604.65834596983,48.158950000000004,36.468045658745424,1329.9183541683412,7436.89585,24.805669988845285,615.3212635954995
1000,3,neo4j_optimized,delete,11.94585,2.961775794482749,8.772115856783921,36.2152,33.97188333381344,1154.0888572462313,7438.694100000001,23.03173186177637,530.4606725527649
1000,3,postgres_normal,easy,44.674,46.50774931458976,2162.9707463087243,13.961733333333335,2.9522767341475316,8.715937914988816,2195.7354,571.5290164566035,326645.4166518525
1000,3,postgres_normal,medium,34.17653333333333,13.547038359148855,183.52224830425052,17.171533333333333,2.5937790151472697,6.72768957941834,2206.739666666667,551.7998298641846,304483.0522381431
1000,3,postgres_normal,complex,26.490133333333333,2.803502121129344,7.859624143176731,16.2414,1.0718390580879913,1.1488389664429526,2146.4881333333333,671.8178068788034,451339.1656394452
1000,3,postgres_normal,very_complex,27.27413333333333,2.4953869349776734,6.226955955257268,16.486733333333333,1.2854443238116884,1.652367109619689,2164.182,636.7700995950225,405476.1597382549
1000,3,postgres_normal,create,24.20355,2.1983230011961257,4.832624017587941,15.41725,0.9979435828103519,0.9958913944723616,2169.03005,627.184550497228,393360.46038240986
1000,3,postgres_normal,update,24.02135,2.7282432504577625,7.4433112336683385,15.32485,1.1399118265733588,1.2993989723618113,2169.15005,627.0372670165914,393175.7342276362
1000,3,postgres_normal,delete,24.019949999999998,2.245948333574355,5.044283917085423,15.402999999999999,1.052502640873278,1.1077618090452244,2169.2544,626.9814909970665,393105.7900529047
1000,3,postgres_optimized,easy,44.434266666666666,46.480972427228345,2160.480797780762,14.256266666666667,3.0144610182294698,9.08697523042505,5488.176533333333,1619.014067900704,2621206.5520603852
1000,3,postgres_optimized,medium,36.5588,16.691300025369884,278.59949653691274,17.713533333333334,2.662497222273288,7.088891458612973,5504.008133333333,1592.742880150565,2536829.882270317
1000,3,postgres_optimized,complex,25.475266666666666,1.315349085605125,1.7301432170022386,17.0428,3.3006952938462506,10.894589422818788,5398.480933333333,1815.9814578652868,3297788.655310532
1000,3,postgres_optimized,very_complex,26.985799999999998,2.399391497244037,5.757079557046983,16.8018,1.2428042927456895,1.5445625100671136,5454.292733333334,1756.0693752175744,3083779.6505770423
1000,3,postgres_optimized,create,25.90055,3.034222425289658,9.206505726130654,15.068900000000001,2.340981151946517,5.480192753768842,5482.94755,1754.6137137876121,3078669.284611556
1000,3,postgres_optimized,update,24.980700000000002,2.119627944502426,4.492822623115579,15.1922,1.3530754694881775,1.830813226130652,5488.9766500000005,1757.7078299371572,3089536.81542239
1000,3,postgres_optimized,delete,24.65395,2.6500791488132722,7.022919494974878,15.47125,1.571929946365744,2.4709637562814106,5492.8787,1759.8218575023516,3096972.9701430267
1000,5,neo4j_normal,easy,3140.8082,6279.08536559353,39426913.02841084,5.493666666666666,2.8018518364907408,7.850373713646536,7461.503066666666,9.66131016075822,93.34091402237001
1000,5,neo4j_normal,medium,441.0702666666666,606.3387083771235,367646.6292764384,47.3338,41.4832616793454,1720.8609995570464,7487.841066666666,18.29259644666818,334.61908476065736
1000,5,neo4j_normal,complex,68.90520000000001,68.3848271832715,4676.484588885908,23.986933333333333,29.235576721473045,854.7189462371365,7489.623066666666,19.009961180641497,361.3786240894967
1000,5,neo4j_normal,very_complex,15.888800000000002,11.265909789384537,126.92072338255035,59.10086666666666,27.670950603431375,765.6815072975393,7491.425133333333,19.613241956627544,384.679260049215
1000,5,neo4j_normal,create,11.83185,3.296515303045943,10.867013143216084,40.58535,19.457407365433408,378.5907013844222,7491.786550000001,20.234909970272707,409.4515815050418
1000,5,neo4j_normal,update,151.82235,383.94354536194913,147412.6460251031,48.7529,35.16965609926693,1236.9047101407034,7491.849399999999,20.261735321318024,410.5379182311464
1000,5,neo4j_normal,delete,11.675450000000001,7.496557923540978,56.198380701005014,38.73345,29.3142549506903,859.325543314071,7492.3232,19.624985145723127,385.1400419698534
1000,5,neo4j_optimized,easy,3139.2445333333335,6280.098819896057,39439641.187659845,5.6820666666666675,3.005040797870805,9.030270196868004,7459.1868,22.409768493214873,502.197723919486
1000,5,neo4j_optimized,medium,453.128,635.4521763332875,403799.4684067115,48.7976,35.63379286858673,1269.7671942013424,7483.931733333334,27.62616247963547,763.2048533512187
1000,5,neo4j_optimized,complex,70.2562,72.2536142443347,5220.584771369126,25.240733333333335,28.084012507457253,788.7117585190155,7487.087066666667,28.200428992564888,795.2641953646943
1000,5,neo4j_optimized,very_complex,15.128333333333334,10.432515729770147,108.83738445190156,57.8606,28.74778740782737,826.4352808456379,7488.194266666666,27.155068874263577,737.3977655659986
1000,5,neo4j_optimized,create,12.1475,6.389806875762971,40.829631909547736,41.0617,18.135795419209963,328.9070754874371,7489.41245,26.978047478017896,727.8150457261878
1000,5,neo4j_optimized,update,146.29575,298.5402974145018,89126.30918033919,51.05635,38.83336029157375,1508.0298715351767,7491.04165,26.437843323073555,698.9595595753849
1000,5,neo4j_optimized,delete,11.8449,2.905640328497828,8.442745718592967,34.65345,13.385067116231811,179.16002170603016,7492.66525,26.395647767060154,696.7302210427077
1000,5,postgres_normal,easy,75.17699999999999,70.12082480123411,4916.930070805368,10.295266666666667,0.8370727973175026,0.7006908680089488,2168.7836666666667,627.2153669836424,393399.11658042524
1000,5,postgres_normal,medium,55.33826666666666,13.709508518580417,187.950623821029,14.992733333333332,5.965748871084095,35.590159592841154,2161.0826,643.7436681004089,414405.91021936934
1000,5,postgres_normal,complex,47.59506666666667,4.349045216001753,18.914194290827734,11.916933333333333,0.9461500559697889,0.8951999284116345,2135.5152666666663,694.2700421302887,482010.89139959286
1000,5,postgres_normal,very_complex,48.532666666666664,2.8283466051768946,7.9995445190156635,12.509666666666668,0.7056049968878548,0.4978784116331096,2135.941533333333,694.2127245306857,481931.30690031766
1000,5,postgres_normal,create,45.516549999999995,3.1903523847995188,10.178348339195978,10.565750000000001,0.647352115395117,0.4190647613065328,2136.16395,693.4434240090565,480863.78230140405
1000,5,postgres_normal,update,44.55645,1.9562167100254813,3.826783816582918,10.48115,0.5560206582149705,0.30915897236180906,2136.2575,693.3601674836937,480748.3218530157
1000,5,postgres_normal,delete,45.552550000000004,3.2979809565016045,10.876678389447239,10.40195,0.6816855384756465,0.4646951733668321,2136.35225,693.336545847307,480715.5658074748
1000,5,postgres_optimized,easy,75.0504,72.74553485575363,5291.912841449666,10.593933333333332,0.9571103718914056,0.9160602639821046,5509.087133333333,1771.1087977091072,3136826.3733225996
1000,5,postgres_optimized,medium,58.2726,16.724659863717612,279.71424755704686,15.868533333333335,7.050756100790976,49.71316159284117,5504.372,1786.5204545250083,3191655.334436242
1000,5,postgres_optimized,complex,47.09146666666667,3.0803007755751626,9.48825286800895,11.738866666666667,1.0391546232857727,1.079842331096196,5445.1214,1905.223690113712,3629877.30937051
1000,5,postgres_optimized,very_complex,48.38746666666667,3.231403415823254,10.441968035794192,12.6082,0.9492844850502118,0.9011410335570457,5445.7978,1904.4886462337815,3627077.0036333823
1000,5,postgres_optimized,create,45.9572,3.648398583091699,13.310812221105518,10.8134,0.7899363500852016,0.6239994371859302,5452.41505,1906.4437007608822,3634527.5841708477
1000,5,postgres_optimized,update,45.5712,2.919841422003637,8.52547392964822,10.5122,0.6069812941576422,0.3684262914572862,5453.2499,1906.5858099019788,3635069.450519584
1000,5,postgres_optimized,delete,45.163000000000004,2.6277072184949852,6.904845226130652,10.6055,0.6917523811190824,0.4785213567839203,5453.70175,1906.3135851145782,3634031.484792396
1000,10,neo4j_normal,easy,6317.674133333333,12751.181795750257,162592637.18827274,4.065533333333334,1.414393666978949,2.000509445190158,7536.748466666667,22.691945995646698,514.9244130693462
1000,10,neo4j_normal,medium,804.8282666666667,1213.66396856113,1472980.228583552,48.65553333333333,37.14133048573461,1379.4784302505593,7696.881399999999,122.14933200843605,14920.459310107139
1000,10,neo4j_normal,complex,132.23613333333333,134.44666389788438,18075.905433270684,17.294866666666667,17.332029578527777,300.39924931096175,7706.2586,121.2078275764894,14691.337465811981
1000,10,neo4j_normal,very_complex,23.205133333333333,16.586255033079997,275.1038560223715,66.09293333333333,24.62320544468905,606.3022463713644,7706.762866666666,122.74893012197504,15067.29984608951
1000,10,neo4j_normal,create,13.240050000000002,7.873112089087561,61.98589396733671,45.127700000000004,22.50486800962524,506.4690841306535,7711.3597,119.32432881919237,14238.295448150744
1000,10,neo4j_normal,update,142.43975,222.9113371873913,49689.464246670854,46.973,30.384314652208662,923.2065768844219,7713.59745,117.58960124775304,13827.314321605563
1000,10,neo4j_normal,delete,11.835799999999999,2.74353316567447,7.526974231155779,35.8021,14.730024599896902,216.9736247135679,7714.048199999999,117.59407105161583,13828.36554649247
1000,10,neo4j_optimized,easy,6296.098733333333,12688.262835796584,160992013.79025677,4.0476,1.3554615747179677,1.8372760805369128,7537.057066666667,26.141151686029957,683.3598114720269
1000,10,neo4j_optimized,medium,1076.511,2003.3355040537642,4013353.141802349,53.3544,44.654921348540014,1994.0620006442948,7664.756533333333,34.758711620817635,1208.1680335391627
1000,10,neo4j_optimized,complex,136.88126666666665,139.2685193608447,19395.72048496197,18.934,19.971566567020712,398.8634711409395,7674.1125999999995,25.478691568977904,649.1637240671057
1000,10,neo4j_optimized,very_complex,21.2086,14.654633325082456,214.7582778926173,66.09673333333333,32.43960526776507,1052.3279899284112,7673.305600000001,23.92417738881595,572.3662637315323
1000,10,neo4j_optimized,create,13.77485,6.106957723834637,37.29493264070353,47.0937,18.548021642326738,344.029106844221,7677.88165,26.480584767441606,701.2213696256605
1000,10,neo4j_optimized,update,138.35,212.59812609497638,45197.96321909548,47.06295,28.84949717471117,832.2934872336679,7678.6462,27.05556453711681,732.0035724220927
1000,10,neo4j_optimized,delete,12.124600000000001,3.6247988459177742,13.139166673366827,40.66185,18.37609423337477,337.6808392738694,7679.017900000001,26.98844453245502,728.3761382814013
1000,10,postgres_normal,easy,150.33973333333333,137.7413442045783,18972.67790328412,8.078733333333332,0.8644463617276958,0.7472675123042504,2133.888733333333,694.3215643005386,482082.43465274695
1000,10,postgres_normal,medium,109.10526666666668,22.07073563352435,487.11737140492147,13.555,8.090840769809779,65.4617043624161,2133.6942,694.5232141860455,482362.49504331563
1000,10,postgres_normal,complex,101.48726666666667,5.709076829975166,32.59355825055929,8.9044,0.9747816688948464,0.950199302013422,2134.6359333333335,694.4036555068942,482196.43678133737
1000,10,postgres_normal,very_complex,103.50346666666667,5.21389637587328,27.184715418344528,9.7816,0.5854294356804022,0.34272762416107416,2135.5326,694.2377021238774,481965.9870502415
1000,10,postgres_normal,create,97.85895000000001,4.53444199638643,20.56116421859296,7.583049999999999,0.4330355602977797,0.187519796482412,2135.8066,693.5957889858723,481075.11849893467
1000,10,postgres_normal,update,97.53565,4.458758821538035,19.88053022864325,7.35415,0.4171261784445063,0.1739942487437181,2136.0003500000003,693.4195783083171,480830.7115812843
1000,10,postgres_normal,delete,94.63159999999999,6.577136845575523,43.258729085427134,7.5165999999999995,0.4701880731373383,0.221076824120603,2134.43975,693.3218912263668,480695.244853706
1000,10,postgres_optimized,easy,147.68226666666666,135.02084263737058,18230.627946505592,8.3568,1.156912878913522,1.3384474093959735,5449.895333333334,1908.5994406161706,3642751.8247203594
1000,10,postgres_optimized,medium,113.28399999999999,34.839161757228155,1213.7671919463087,15.266133333333334,10.263130845273464,105.33185474720362,5449.622266666666,1909.1637902024872,3644906.377820327
1000,10,postgres_optimized,complex,100.03826666666667,4.207142336529752,17.700046639821018,8.599866666666667,0.6244589461217598,0.3899489753914989,5449.564666666666,1908.3932282637074,3641964.713682775
1000,10,postgres_optimized,very_complex,102.9706,5.6155195101724615,31.53405936912756,9.818333333333333,0.7209300635980944,0.5197401565995524,5450.946533333333,1908.2365045065887,3641366.557131524
1000,10,postgres_optimized,create,98.46095,4.115925999293268,16.940846831658288,7.88825,0.43228670634477295,0.18687179648241198,5451.50625,1906.5837112238098,3635061.447903956
1000,10,postgres_optimized,update,97.71265,3.76007597452111,14.138171334170876,7.6479,0.4290489541126115,0.18408300502512584,5458.11395,1909.3389119941937,3645575.080855171
1000,10,postgres_optimized,delete,95.0254,5.959226859569881,35.512384763819114,7.662050000000001,0.40858414373610097,0.16694100251256283,5487.31565,1923.237918027374,3698844.0893382686
10000,1,neo4j_normal,easy,657.7392666666667,1171.7680349246905,1373040.3276712708,18.129666666666665,13.698816605758704,187.6575763982104,4658.647533333334,405.2394013319305,164218.97239186143
10000,1,neo4j_normal,medium,202.8038,281.549116262178,79269.90486801344,24.265133333333335,9.112721231176582,83.04168823713644,7315.2026,28.054069736226943,787.0308287650845
10000,1,neo4j_normal,complex,37.0796,22.212621929733743,493.40057299328845,17.700533333333333,7.438496256588698,55.33122655928406,7347.5874,17.92578838343731,321.333889167776
10000,1,neo4j_normal,very_complex,95.48866666666666,67.49422204121286,4555.470008948545,13.613733333333332,4.3457577164119385,18.885610129753907,7363.261333333333,17.18368149203493,295.27890961970377
10000,1,neo4j_normal,create,18.67785,8.52090228533818,72.60577575628142,25.7284,11.238028647382823,126.29328787939701,7379.1702000000005,17.902133613051017,320.4863878995311
10000,1,neo4j_normal,update,109.15870000000001,173.7218747195944,30179.289756090457,49.89535,123.0643881920473,15144.84364108291,7393.277950000001,18.89461440636796,357.0064535653277
10000,1,neo4j_normal,delete,14.46015,4.616683692770762,21.31376831909548,27.595399999999998,11.270986671215327,127.03514054271356,7398.98275,20.393997686714517,415.91514164571703
10000,1,neo4j_optimized,easy,652.6620666666666,1168.3049933366851,1364936.557455432,18.29693333333333,14.850254102481799,220.53004690827748,4704.8628,334.67652380781146,112008.3755880806
10000,1,neo4j_optimized,medium,202.97546666666668,270.9511409448408,73414.52077931097,23.865133333333333,9.573781292526817,91.65728823713646,7300.341466666667,36.11453637293191,1304.2597374318216
10000,1,neo4j_optimized,complex,41.71293333333333,29.7589049680067,885.5924248948539,17.9494,8.507695784232475,72.38088755704702,7335.388466666667,26.813080042984815,718.9412613915106
10000,1,neo4j_optimized,very_complex,83.21693333333334,50.54283553669587,2554.5782240894864,13.599266666666667,3.3774691880653918,11.407298116331097,7347.2411999999995,27.684959207764493,766.4569663355841
10000,1,neo4j_optimized,create,24.1158,15.171608281564817,230.17769784924616,24.043400000000002,10.115390355801958,102.32112205025126,7358.8352,29.94099901590347,896.4634220703325
10000,1,neo4j_optimized,update,119.583,203.4677821322804,41399.13836582912,34.1684,26.04667434939279,678.4292446633164,7374.9604,22.920250133252296,525.3378661708518
10000,1,neo4j_optimized,delete,21.612800000000004,16.055116223332796,257.7667569447239,23.9317,10.87467206737124,118.25849257286428,7380.0412,20.61106970859769,424.8161945326733
10000,1,postgres_normal,easy,12.272066666666666,22.784631942324708,519.1394527472034,151.2558,110.90965535682243,12300.95165136913,2547.027666666667,17.63587977938302,311.02425559285086
10000,1,postgres_normal,medium,30.64286666666667,40.24953848310447,1620.0253481029079,109.78986666666667,68.56311766057469,4700.901103337809,2550.818,17.843890688393262,318.4044348993277
10000,1,postgres_normal,complex,13.578466666666667,10.365213034823293,107.43764125727071,44.272800000000004,26.369693177621155,695.3607182818797,2558.672333333333,17.686884095726164,312.82586901565116
10000,1,postgres_normal,very_complex,27.82146666666667,7.399884851876351,54.75829582102909,18.1502,2.319365068752147,5.379454322147651,2558.8206,17.762923388018258,315.52144728860605
10000,1,postgres_normal,create,3.3095,2.512873337846597,6.314532412060297,113.51305,49.7843943803335,2478.4859238165823,2383.2208499999997,517.435367833707,267739.35988520365
10000,1,postgres_normal,update,2.9785500000000003,2.1965222391854313,4.8247099472361805,119.74945,48.27606224753776,2330.5781861281403,2213.5073,675.1968218265945,455890.74820473394
10000,1,postgres_normal,delete,2.82505,1.8632596922878257,3.4717366809045234,120.637,46.35495655250821,2148.7819969849243,2241.95025,620.358416498106,384844.5649200375
10000,1,postgres_optimized,easy,12.359266666666667,22.97118557177027,527.6753665727067,149.37660000000002,107.94174367666909,11651.420027959732,6523.728066666667,211.82916788624263,44871.59636737796
10000,1,postgres_optimized,medium,8.388933333333332,8.641809339093513,74.68086865324386,105.0178,71.4435252994143,5104.177307208051,6526.446733333333,211.88116210356694,44893.626854358015
10000,1,postgres_optimized,complex,4.359133333333333,3.5941949722964988,12.91823749888143,113.455,59.42414173667921,3531.2286211409405,6528.567533333334,211.8383549789397,44875.48864018326
10000,1,postgres_optimized,very_complex,26.533466666666666,10.63525402470587,113.1086281700224,19.56233333333333,3.6052685937540936,12.997961633109618,6046.963733333333,1388.6740660182318,1928415.6616316081
10000,1,postgres_optimized,create,3.6832,2.2042539411750925,4.858735437185928,94.80969999999999,47.17959356708978,2225.9140491557796,5528.6867,1803.7240621296926,3253420.492305639
10000,1,postgres_optimized,update,3.62965,2.0052710383352004,4.021111937185932,96.41095,48.87623384397938,2388.8862347713552,5590.48265,1680.4268167578352,2823834.2864788715
10000,1,postgres_optimized,delete,3.1297,1.097524812278902,1.2045607135678393,107.84325000000001,57.127838077020485,3263.589883354272,5133.83555,1943.063473677171,3775495.6627383945
10000,3,neo4j_normal,easy,1908.0450666666668,3733.9747646418573,13942567.542982213,8.343,4.969132066058708,24.69227348993288,7429.497466666668,7.747925913123494,60.03035595525053
10000,3,neo4j_normal,medium,320.3834666666667,433.64951337416085,188051.90044964652,29.3922,11.990987156188012,143.78377297986586,7463.348333333333,16.074536511179083,258.39072404922945
10000,3,neo4j_normal,complex,73.33,42.55891275671357,1811.2610550335567,13.550333333333333,5.3742345066472925,28.882396532438467,7467.715200000001,15.141529260580306,229.2659083490096
10000,3,neo4j_normal,very_complex,107.69893333333333,72.04565776562411,5190.576802881434,28.4436,4.170276298122773,17.39120440268458,7471.6087333333335,15.24729221407282,232.4799198613256
10000,3,neo4j_normal,create,18.55475,7.831149497343846,61.32690244974877,34.093,12.859787309603577,165.37412964824122,7476.602,17.432907079607677,303.9062492462355
10000,3,neo4j_normal,update,121.6003,204.37332193931906,41768.45472051255,46.2164,32.729673028043116,1071.2314965226133,7478.9733,17.765772724892855,315.6226805125469
10000,3,neo4j_normal,delete,15.119449999999999,4.539181428152926,20.60416803768843,33.25165,16.25377945310106,264.18534651005024,7479.844399999999,17.851540272213303,318.67749009045343
10000,3,neo4j_optimized,easy,1896.4748666666665,3726.190151713746,13884493.04672851,8.411466666666668,5.332711184070158,28.437808572706945,7411.026533333334,18.332018052797753,336.0628858881027
10000,3,neo4j_optimized,medium,354.15833333333336,526.0686156810593,276748.1884045861,31.583266666666667,14.28003785721801,203.91948120357952,7460.4716,17.668585024038567,312.17889675168
10000,3,neo4j_optimized,complex,77.637,48.28864524986298,2331.7932600671147,14.231333333333332,6.4977097324624955,42.220231767337836,7469.2006,18.81128592523817,353.86447816106374
10000,3,neo4j_optimized,very_complex,95.47426666666667,62.33576650447334,3885.747785700221,29.549733333333332,13.886343730813053,192.830542210291,7472.288866666667,18.058685264216354,326.11611347202484
10000,3,neo4j_optimized,create,27.691150000000004,32.4994671959032,1056.2153680175882,32.27245,9.663788831009905,93.38881457035178,7473.3931,17.66692513167005,312.1202436080349
10000,3,neo4j_optimized,update,116.92735,183.63345492123446,33721.245766309046,44.094049999999996,30.766736166992864,946.5920543693468,7474.83295,17.407671496560155,303.0270269321529
10000,3,neo4j_optimized,delete,19.18435,9.34400727403323,87.31047193718591,32.33855,15.555951288815482,241.98762050000008,7474.7625,17.00604000741158,289.2053967336833
10000,3,postgres_normal,easy,45.016933333333334,46.01301242779143,2117.1973126800885,13.892000000000001,2.8378238661520236,8.053244295302019,2265.807733333333,567.5083749790284,322065.7556713375
10000,3,postgres_normal,medium,74.371,69.58478108073409,4842.04175805369,36.3,29.692869616126163,881.6665060402682,2281.8108666666667,529.7107489523127,280593.47755561996
10000,3,postgres_normal,complex,42.752399999999994,13.567555688321486,184.0785673557047,18.577533333333335,1.7435310683006924,3.0399005861297534,2288.5456000000004,525.7754711877094,276439.84610265784
10000,3,postgres_normal,very_complex,55.45,8.001723136572673,64.02757315436243,20.28226666666667,1.1054903535084437,1.222108921700224,2288.5834,525.7941078471224,276459.4438467514
10000,3,postgres_normal,create,24.7837,1.811294079161645,3.280786241206031,15.25475,0.9882846097401526,0.9767064698492459,2288.6665,525.3522371486922,275994.97307713574
10000,3,postgres_normal,update,24.83045,2.71187529869616,7.354267635678386,15.0173,1.3149032522638586,1.7289705628140724,2224.44165,663.9386179669906,440814.4884279174
10000,3,postgres_normal,delete,24.13035,0.9254711566596999,0.8564968618090428,15.39,0.7784296781463922,0.6059527638190957,2205.2416,703.1757664046263,494456.1584587336
10000,3,postgres_optimized,easy,44.720533333333336,45.998957484344494,2115.9040896465326,14.389666666666665,2.9582053821149823,8.750979082774048,4784.142266666667,2049.9001625619085,4202090.676471339
10000,3,postgres_optimized,medium,33.526666666666664,11.554976595230782,133.51748411633113,21.136866666666666,7.868207639520768,61.90869145861298,4764.2973999999995,2080.6662511060863,4329172.048491855
10000,3,postgres_optimized,complex,31.478933333333334,8.815370434733078,77.71075590156605,17.134266666666665,2.0600659227956712,4.243871606263981,4555.5746,2308.1207927135342,5327421.593756554
10000,3,postgres_optimized,very_complex,52.1416,11.33419415549083,128.46395715436248,20.190266666666666,1.380516850331503,1.9058267740492136,4581.2502,2276.018201397914,5180258.853094595
10000,3,postgres_optimized,create,26.35315,3.4573116138811364,11.953003595477387,14.812850000000001,1.7326139596476273,3.00195113316583,4612.38015,2237.5521910942834,5006639.8078708295
10000,3,postgres_optimized,update,25.24715,2.3672290222364607,5.6037732437185905,15.04865,1.2721270430141165,1.6183072135678398,4648.16115,2197.63120549285,4829582.915355956
10000,3,postgres_optimized,delete,24.824699999999996,2.2723589031939078,5.16361498492462,15.3658,1.7760204399204065,3.154248603015074,4684.6426,2158.783704340217,4660347.082124868
10000,5,neo4j_normal,easy,3140.4440666666665,6281.91753856979,39462487.96139073,5.9601999999999995,3.2375949044160346,10.482020765100671,7497.835666666667,19.106472546672375,365.05729317674513
10000,5,neo4j_normal,medium,437.8332666666667,579.8899159190124,336272.31458455924,34.759,19.72438917998451,389.05152852348994,7528.2935333333335,21.675498806384805,469.82724850558907
10000,5,neo4j_normal,complex,113.12286666666667,66.17450219980127,4379.064741391502,14.0864,6.6138505552957,43.74301916778525,7530.287266666667,20.689021985917595,428.03563073378166
10000,5,neo4j_normal,very_complex,107.7978,78.4708172564765,6157.66916089933,43.24046666666666,4.356880439409712,18.982407163310963,7530.3764,18.986286795523686,360.4790862818771
10000,5,neo4j_normal,create,17.32335,8.011419881650225,64.18284852010049,43.9943,15.806605180959432,249.84876734673352,7531.4658,20.185555817920584,407.4566636783875
10000,5,neo4j_normal,update,122.2286,192.16725996394462,36928.25580205027,51.399049999999995,35.49749791731028,1260.0723583894476,7532.264499999999,21.435263852637586,459.4705364321915
10000,5,neo4j_normal,delete,14.514249999999999,4.435940971090008,19.67757229899496,36.43,12.674912823186473,160.6534150753769,7532.970799999999,21.44623618710261,459.9410465929895
10000,5,neo4j_optimized,easy,3148.2906000000003,6301.986096415245,39715028.75941106,5.820733333333333,2.7458188095945153,7.539520935123041,7492.6522,18.306383559297842,335.1236790201303
10000,5,neo4j_optimized,medium,461.551,659.0812220885462,434388.05730973155,36.81686666666666,21.98881265695444,483.5078820626398,7531.857866666666,28.622060286004334,819.2223350156664
10000,5,neo4j_optimized,complex,111.75293333333333,65.50708027255111,4291.177565834454,13.676466666666665,5.9541159568604725,35.4514968277405,7533.784333333333,28.642626220389023,820.4000368009168
10000,5,neo4j_optimized,very_complex,91.63066666666667,56.14925767815284,3152.7391378076063,44.1418,5.9728689800086014,35.67516385234899,7534.429399999999,28.278732593369966,799.6867170873248
10000,5,neo4j_optimized,create,23.3594,15.630236051806,244.304279035176,39.1396,11.43398903999974,130.73610536683418,7536.74345,28.18662508649062,794.4858337663823
10000,5,neo4j_optimized,update,124.18985,192.9293575365731,37221.73699947485,47.56245,28.808342759699,829.9206125603016,7537.6347,28.683403530622225,822.7376381005115
10000,5,neo4j_optimized,delete,19.39515,9.995075972496654,99.90154369597992,37.22795,9.927291112972789,98.55110884170853,7538.1924,28.87365983733373,833.6882324020588
10000,5,postgres_normal,easy,76.03446666666667,70.15946630448207,4922.350712129755,10.1644,0.8824899794096187,0.7787885637583893,2203.0659333333333,702.2237372231109,493118.1771195928
10000,5,postgres_normal,medium,166.4985333333333,169.74066995496582,28811.895036760638,23.049133333333334,17.57192750259913,308.7726361565997,2199.9580666666666,702.9379580207906,494121.77282643877
10000,5,postgres_normal,complex,64.15713333333333,13.966840131922956,195.07262327069364,18.3604,4.592953587585892,21.09522265771811,2204.4719333333333,703.3371218808938,494683.1070156993
10000,5,postgres_normal,very_complex,78.27640000000001,8.682150499075131,75.37973728859055,22.355866666666667,2.13777064668023,4.570063337807608,2204.5770666666667,703.3723742493082,494732.69685710885
10000,5,postgres_normal,create,45.73675,2.858634269530588,8.171789886934677,10.5582,0.5478452629719486,0.3001344321608035,2205.50415,703.1640735639394,494439.71435103315
10000,5,postgres_normal,update,45.62225,3.8648857872181908,14.937342148241173,10.34245,0.6133461215530109,0.3761934648241208,2207.1708,704.4696283978715,496277.4573350351
10000,5,postgres_normal,delete,45.3658,2.49042858413232,6.2022345326633115,10.4529,0.5416896977451352,0.293427728643216,2216.59775,708.4619961837194,501918.40003662044
10000,5,postgres_optimized,easy,75.56806666666667,71.16137930289734,5063.941904290828,10.3622,0.9116832061941121,0.831166268456376,4699.882066666667,2142.332133676196,4589586.9709816035
10000,5,postgres_optimized,medium,56.31633333333334,13.062548052853607,170.63016163310957,18.706266666666668,11.073842481765844,122.62998731096191,4701.575866666667,2142.4664464139573,4590162.474009651
10000,5,postgres_optimized,complex,52.263933333333334,9.044532398319474,81.8035663042506,14.532866666666665,4.56252098815313,20.81659776733781,4708.022866666667,2147.264287432968,4610743.920085012
10000,5,postgres_optimized,very_complex,75.1172,13.359223700469823,178.46885787919462,21.473533333333336,2.82716096280698,7.992839109619691,4732.675,2168.711740533656,4703310.613528521
10000,5,postgres_optimized,create,46.34285,2.839645100887605,8.063584298994975,10.741700000000002,0.5448628152454393,0.2968754874371858,4775.0076,2202.0238832282853,4848909.182307778
10000,5,postgres_optimized,update,45.70455,1.8291170392339802,3.3456691432160817,10.5945,0.3976434983233022,0.15812035175879405,4823.99745,2240.5732726735573,5020168.590219095
10000,5,postgres_optimized,delete,45.6755,2.5528397332221227,6.516990703517598,10.543800000000001,0.5316434744446675,0.2826447839195979,4861.38365,2270.3105666853594,5154310.069203198
10000,10,neo4j_normal,easy,6299.541466666667,12714.554136389383,161659886.88717636,4.1986,1.2270043347861053,1.5055396375838925,7577.0474,18.672323251559554,348.65565561073157
10000,10,neo4j_normal,medium,912.5648,1423.1610418232303,2025387.3509633825,47.92406666666666,46.250438562719026,2139.1030672438474,7791.792666666666,153.72401693327848,23631.073382102888
10000,10,neo4j_normal,complex,204.489,115.81668635645987,13413.504838590598,13.709666666666665,5.117702060963249,26.190874384787488,7809.499066666667,148.99930972474934,22200.794298451787
10000,10,neo4j_normal,very_complex,118.36126666666665,86.83253166931682,7539.888556102908,78.8754,6.011471319304354,36.13778742281883,7809.5184,148.28930399493387,21989.717679301913
10000,10,neo4j_normal,create,18.33735,7.22620061680212,52.217975354271346,53.343999999999994,17.067728636348193,291.3073608040201,7810.1511,148.46346214049893,22041.39959074336
10000,10,neo4j_normal,update,136.85955,208.4943788772603,43469.906023414565,48.90625,29.13049455471899,848.5857130025126,7811.69835,147.79673057487014,21843.87356862075
10000,10,neo4j_normal,delete,15.7854,4.717198495743125,22.251961648241203,44.587399999999995,14.645262641180112,214.48371782914586,7812.304050000001,146.68218610896793,21515.6637217059
10000,10,neo4j_optimized,easy,6334.779533333333,12795.657764147245,163728857.6171817,4.333266666666667,1.2198847435196636,1.4881187874720352,7581.218666666667,27.40004065216799,750.7622277404585
10000,10,neo4j_optimized,medium,818.317,1179.4712481769845,1391152.425276174,56.3016,54.80666691527971,3003.7707383624156,7761.3368,90.51325372429413,8192.649099758444
10000,10,neo4j_optimized,complex,202.67953333333332,117.88375751713187,13896.580286357945,15.070933333333333,10.271252405071165,105.49862596868017,7765.7640666666675,89.17393920696152,7951.991433686868
10000,10,neo4j_optimized,very_complex,108.20013333333334,69.04354457124842,4767.011046961968,77.9648,7.975293705643393,63.60530969127513,7765.9274000000005,89.2075407204036,7957.985321382467
10000,10,neo4j_optimized,create,25.7419,17.69471304482482,313.10286973869364,58.790600000000005,19.97913667180726,399.1659021507537,7768.298199999999,86.85870797169689,7544.435150512521
10000,10,neo4j_optimized,update,147.2317,224.13445644285633,50236.254564934665,51.10575,27.050276945934563,731.717482851759,7768.28545,86.03882505521595,7402.679416882055
10000,10,neo4j_optimized,delete,21.2156,10.744740381663334,115.44944586934672,51.34915,16.557466693125797,274.14970329397005,7768.694200000001,86.23715003168893,7436.846045588026
10000,10,postgres_normal,easy,152.8648,137.23528101522894,18833.522355328856,8.023333333333333,0.795131719843678,0.6322344519015652,2207.5067333333336,708.6562606494874,502193.6957577142
10000,10,postgres_normal,medium,264.995,234.15064964360766,54826.52672852351,28.781666666666666,29.80161908165634,888.1364998881434,2207.8342000000002,708.9919567412963,502669.5947238522
10000,10,postgres_normal,complex,122.34713333333333,18.020693263212728,324.7453856868006,18.061466666666664,6.6583490896432105,44.333612599552566,2215.415,708.9266173284169,502576.9487567116
10000,10,postgres_normal,very_complex,138.30113333333333,11.445879627704517,131.00816045190132,24.32,3.527006830331925,12.439777181208052,2215.7826,709.0062939189505,502689.92481668526
10000,10,postgres_normal,create,98.71334999999999,4.395635715595769,19.321613344221124,7.588550000000001,0.34934885229955326,0.12204462060301509,2216.1581,708.1362363390764,501456.9292164722
10000,10,postgres_normal,update,98.52795,4.78142998074886,22.862072660804046,7.341900000000001,0.3582809178290159,0.12836521608040202,2216.4114,708.0268800855362,501302.06292365823
10000,10,postgres_normal,delete,98.15115,3.880421955181062,15.057674550251216,7.435549999999999,0.33198307382535724,0.11021276130653258,2216.9360500000003,708.7155504872242,502277.7315024092
10000,10,postgres_optimized,easy,150.10546666666667,135.2847562487019,18301.96527327069,8.303733333333334,1.0550457521595396,1.1131215391498885,4862.8189999999995,2277.836937608549,5188541.114333892
10000,10,postgres_optimized,medium,114.21946666666666,18.46611715914104,340.9974829351231,17.6082,13.529816393343404,183.0559316375839,4864.937133333333,2279.6577723354835,5196839.55896958
10000,10,postgres_optimized,complex,107.84173333333334,12.353442187833448,152.60753388814325,12.574533333333333,5.963682546238042,35.56550951230425,4869.001333333333,2281.6826293932113,5206075.621274719
10000,10,postgres_optimized,very_complex,132.9528,15.306684775574096,234.2945988187918,22.802333333333333,4.595853604929322,21.12187035794184,4886.991666666667,2292.009823354804,5253309.03035492
10000,10,postgres_optimized,create,99.39655,3.9230105347524726,15.390011655778881,7.85,0.32651348406517894,0.10661105527638184,4921.12165,2317.4336678420846,5370498.804848018
10000,10,postgres_optimized,update,98.31835,4.233404462630646,17.921713344221065,7.6591,0.4178903585377319,0.17463235175879407,4934.9802500000005,2328.2713053970137,5420847.271535113
10000,10,postgres_optimized,delete,98.88785,5.240049855674061,27.458122489949748,7.5224,0.35313419374788635,0.12470375879396972,4936.5682,2328.626883515242,5422503.162629907
100000,1,neo4j_normal,easy,665.1548,1175.1614970447833,1381004.5441365363,17.6932,15.544857943487985,241.64260848322152,4680.919333333333,389.1949319797821,151472.69507874723
100000,1,neo4j_normal,medium,225.37846666666664,237.12478529455507,56228.16380098884,15.815266666666666,4.9593237654231475,24.594892210290826,7355.728266666667,34.048941300528114,1159.330403686809
100000,1,neo4j_normal,complex,255.24926666666667,296.34228135426525,87818.7477182505,10.079333333333334,1.6896275220624695,2.8548411633109607,7478.600266666667,21.82887060465372,476.49959187471524
100000,1,neo4j_normal,very_complex,1002.1516666666666,846.5506776296326,716648.0497951901,12.650533333333334,5.6902682479634255,32.37915273378075,7519.659733333333,20.678956717762805,427.6192509351074
100000,1,neo4j_normal,create,73.1431,59.99103847137815,3598.9246968743732,14.599,4.952532269394817,24.52757587939698,7580.4623,52.31748723959663,2737.1194710653563
100000,1,neo4j_normal,update,115.6859,171.00031326542762,29241.10713687438,37.141149999999996,35.52566448870903,1262.0728373643221,7667.99675,20.475376434590853,419.2410401381984
100000,1,neo4j_normal,delete,48.9089,36.96300828799644,1366.2639816984931,15.921,5.2391816269912805,27.449024120603003,7686.1137,29.112229472064893,847.5219048341638
100000,1,neo4j_optimized,easy,656.7506666666667,1149.5639394390432,1321497.2508586121,17.44186666666667,14.312888845240044,204.85878709619686,4684.471666666666,374.5410368685197,140280.98829854585
100000,1,neo4j_optimized,medium,236.64926666666668,257.85475772874787,66489.07608335126,14.830866666666667,6.29886800703288,39.67573817002236,7343.970600000001,43.19804470205274,1866.0710660805469
100000,1,neo4j_optimized,complex,273.16093333333333,276.654737745884,76537.84391724385,10.256333333333334,1.77989231884029,3.1680166666666647,7439.257799999999,30.640310880149332,938.8286508321975
100000,1,neo4j_optimized,very_complex,877.2647333333333,548.0592979977082,300368.99412174075,12.337066666666667,6.162253526025658,37.97336851901566,7465.698466666667,27.825812571858087,774.2758452841755
100000,1,neo4j_optimized,create,136.843,150.8305379520158,22749.851178894474,13.5873,4.904698363834518,24.056066040200996,7511.46625,46.599149974319815,2171.4807783291503
100000,1,neo4j_optimized,update,128.34895,173.42447840181683,30076.049708942228,22.9311,16.821497874556787,282.96279074371853,7579.1102,28.230827548628362,796.979624080394
100000,1,neo4j_optimized,delete,104.5822,95.06698337911017,9037.73132880401,13.8345,4.554922209177483,20.747316331658283,7594.401650000001,29.636626663258834,878.3296399773845
100000,1,postgres_normal,easy,12.232733333333334,22.88684880413739,523.807848183445,154.3518,111.93483717435035,12529.407773248324,4030.5554666666662,17.186634989548704,295.3804222639798
100000,1,postgres_normal,medium,36.706266666666664,46.643134536515646,2175.581999391499,60.52473333333333,32.65640987054622,1066.4411056331087,4032.093666666667,17.21192081113988,296.25021800895007
100000,1,postgres_normal,complex,43.1136,35.76991023511504,1279.4864782281877,33.62786666666667,5.740610610679422,32.95461018344517,4051.176133333334,17.45256111997735,304.59188964654504
100000,1,postgres_normal,very_complex,337.0731333333333,75.82625831364669,5749.621449847874,9.900733333333333,0.6859570267193079,0.47053704250559325,4046.5010666666667,17.208190150348347,296.1218082505458
100000,1,postgres_normal,create,4.14635,2.009693638368919,4.038868520100503,78.7332,35.15304073797354,1235.7362731256271,4045.63195,17.164094570047382,294.60614240953
100000,1,postgres_normal,update,3.9607,1.743505539950819,3.0398115678391973,82.03120000000001,37.81462404305491,1429.945791517587,4045.8171,17.193461261209666,295.6151101407175
100000,1,postgres_normal,delete,3.98215,1.8208278192174518,3.3154139472361814,80.8596,34.83517749049041,1213.4895907939697,4046.9633000000003,17.137712890746112,293.70120312564546
100000,1,postgres_optimized,easy,12.375533333333333,23.054922621778566,531.5294570961971,156.00653333333332,114.84236433311399,13188.768645619692,9650.297466666667,247.63509500222554,61323.140276761274
100000,1,postgres_optimized,medium,17.137999999999998,18.823344316968956,354.3182912751675,56.8984,29.081838426789307,845.7533262818791,9662.8166,247.65079065596197,61330.914112523096
100000,1,postgres_optimized,complex,27.106133333333332,35.8431026339107,1284.7280064250563,120.38839999999999,61.46194781844767,3777.5710296375846,9675.311666666666,247.63346161609186,61322.33131196844
100000,1,postgres_optimized,very_complex,291.9672,104.98686867151372,11022.242593449668,9.368733333333333,0.31476697819066796,0.09907825055928443,9670.055999999999,247.2493561449531,61132.24411409386
100000,1,postgres_optimized,create,3.2128500000000004,1.5293889401165275,2.3390305301507555,106.30395,46.008565959020366,2116.788141605528,9673.6752,246.36947944085975,60697.92039996022
100000,1,postgres_optimized,update,3.3821499999999998,2.034852081224164,4.140622992462312,106.44885000000001,50.121593769426745,2512.174161987438,9674.527900000001,246.47659070063244,60750.709763407096
100000,1,postgres_optimized,delete,3.69025,2.4354155047762434,5.931248680904525,98.39665000000001,47.14623754714429,2222.767714851758,9676.1965,246.50633010464088,60765.370781658174
100000,3,neo4j_normal,easy,1899.1632666666667,3726.955003869484,13890193.600867784,9.9474,5.719963442648466,32.71798178523489,7755.137333333334,14.74382458220925,217.38036331095776
100000,3,neo4j_normal,medium,364.08933333333334,440.42975373079037,193978.36797136467,26.424466666666667,7.285223579242616,53.074482599552596,7785.6739333333335,18.601880899942525,346.0299730156465
100000,3,neo4j_normal,complex,273.0062,167.08323288800923,27916.806712308735,19.6946,5.149197843308235,26.51423842953018,7792.583866666667,17.525160083585202,307.1312359552881
100000,3,neo4j_normal,very_complex,1063.5908,754.0702962731681,568622.0117215036,31.164866666666665,6.484224401536813,42.04516608948544,7795.290133333334,17.626585091716695,310.6965019955293
100000,3,neo4j_normal,create,73.68825,61.37528383450729,3766.925465766332,28.49515,5.580894182555733,31.146379876884428,7797.9412,17.466552920213,305.08047091460134
100000,3,neo4j_normal,update,121.81604999999999,180.8459499490169,32705.257612962327,46.735200000000006,35.32592169609155,1247.9207436783913,7799.575400000001,17.579920816648254,309.0536159196226
100000,3,neo4j_normal,delete,47.342349999999996,31.910200917425335,1018.2609225904528,29.9934,15.669712694226334,245.5398959195979,7801.189350000001,18.12565502063627,328.53936992711675
100000,3,neo4j_optimized,easy,1903.0276666666668,3728.6998811112717,13903202.803399213,9.709666666666667,4.984120881556614,24.841460961968682,7647.603933333334,29.040318441148575,843.340095163314
100000,3,neo4j_optimized,medium,357.2595333333333,409.64133718164805,167806.02512796866,26.544066666666666,8.797534362991083,77.39661086800893,7700.989133333334,20.947301917743523,438.7894576331015
100000,3,neo4j_optimized,complex,312.20093333333335,291.9115502044193,85212.35314274722,19.212466666666668,6.112972446343425,37.36843212975393,7710.739933333333,22.501871763954373,506.33423288144706
100000,3,neo4j_optimized,very_complex,950.7106666666667,609.7405097028627,371783.48917270685,31.11306666666667,7.4372623369994955,55.3128710693512,7717.902933333333,19.504641111665098,380.43102489485636
100000,3,neo4j_optimized,create,144.5206,168.04300034953067,28238.449966472363,28.69395,7.440878460154686,55.36667225879396,7719.666450000001,19.422843798051616,377.2468612035122
100000,3,neo4j_optimized,update,133.90335,178.51549850731192,31867.783207314085,32.18965,10.312026806685921,106.33789686180903,7721.13525,19.313342224403062,373.00518787691027
100000,3,neo4j_optimized,delete,96.6139,92.09109693921195,8480.770135467332,27.9864,5.895494066781621,34.7568502914573,7721.25535,18.97550266486797,360.0697013844115
100000,3,postgres_normal,easy,45.103199999999994,46.20721015413274,2135.106270228188,13.776066666666665,2.776314223330397,7.707920666666666,4046.997533333333,17.111409041282336,292.8003193780789
100000,3,postgres_normal,medium,63.553666666666665,51.71342985535693,2674.2788274049212,28.179000000000002,17.327597638821317,300.24563993288604,4060.6024666666667,19.64470801348624,385.9145529351306
100000,3,postgres_normal,complex,80.17,39.7359291882847,1578.944068456376,48.7664,19.77605013052658,391.09215876510046,4046.640266666667,22.926435664477257,525.6214522774147
100000,3,postgres_normal,very_complex,389.36913333333337,73.13377989910747,5348.549762331096,26.087666666666667,1.0873410809852668,1.1823106263982088,4049.701333333333,19.632260010238856,385.42563310962373
100000,3,postgres_normal,create,25.98505,1.9314461989913123,3.7304844195979876,14.50105,0.8755015203072476,0.7665029120603019,4046.5708,20.84729025352167,434.60951091457963
100000,3,postgres_normal,update,25.60605,1.72917963455007,2.990062208542714,14.4683,0.9247904067854567,0.8552372964824104,4046.6584000000003,20.893959128906314,436.5575280804075
100000,3,postgres_normal,delete,25.2467,1.4700008922159125,2.160902623115579,14.7605,0.8754827813855124,0.7664701005025129,4046.6465500000004,19.324743079091082,373.4456950728786
100000,3,postgres_optimized,easy,44.879133333333336,46.71595668838392,2182.3806093109624,13.949533333333333,2.6980675004781602,7.279568237136466,9671.310800000001,254.45620520726814,64747.96036848336
100000,3,postgres_optimized,medium,43.6926,23.939203965111734,573.0854864832213,20.318466666666666,5.852324466394121,34.24970165995523,8501.331866666667,2671.3990761925475,7136373.024282397
100000,3,postgres_optimized,complex,65.92786666666667,61.73584777190908,3811.3149001163315,35.37066666666667,28.17672840685459,793.9280237136464,8107.533600000001,3000.6697068595877,9004018.689664803
100000,3,postgres_optimized,very_complex,354.68179999999995,106.28076240068003,11295.600456469803,24.033133333333332,0.5109776609817412,0.2610981700223713,8110.338066666666,2993.730313330055,8962421.18895127
100000,3,postgres_optimized,create,25.089650000000002,2.4810304184322143,6.155511937185928,15.434949999999999,1.0455235987185498,1.0931195954773871,8113.005300000001,2986.6489918970924,8920072.200799918
100000,3,postgres_optimized,update,25.0178,3.5213528350542664,12.399925788944719,15.2643,1.2997272655538623,1.6892909648241201,8116.77725,2981.5559018777517,8889675.596022053
100000,3,postgres_optimized,delete,24.462699999999998,2.2158417096922918,4.90995448241206,15.3447,1.0411266172593179,1.0839446331658302,8120.41625,2977.7607237575703,8867058.927953208
100000,5,neo4j_normal,easy,3161.0928666666664,6309.513682753117,39809962.9128488,7.692399999999999,3.2350327903071423,10.465437154362414,7820.017333333334,16.97440792442577,288.1305243848084
100000,5,neo4j_normal,medium,506.4906,611.5266125772791,373964.7978902416,34.1906,11.389895865437198,129.72972782550337,7875.351733333333,15.260770506054799,232.89111643847207
100000,5,neo4j_normal,complex,323.7711333333333,187.50005983904782,35156.27243964651,27.047533333333334,10.431007656039657,108.80592072035793,7876.429866666666,15.47346149768565,239.42801072036022
100000,5,neo4j_normal,very_complex,1200.7602,830.201665627918,689234.8056113694,49.20826666666667,6.26482893135558,39.2480815391499,7877.442133333334,15.444933948712121,238.54598468008018
100000,5,neo4j_normal,create,79.45025,71.48389454509436,5109.947179334171,42.1229,6.749421087402636,45.55468501507538,7879.8423999999995,15.680339456380421,245.87304546732065
100000,5,neo4j_normal,update,129.21185,189.5249944855592,35919.72353475125,53.036899999999996,33.9899077304961,1155.3138275276388,7880.74115,15.828303768199053,250.53520017838434
100000,5,neo4j_normal,delete,49.422250000000005,34.856070225937366,1214.9456315954772,39.8675,6.444656759965488,41.533600753768866,7881.02715,15.647016681548319,244.8291310326514
100000,5,neo4j_optimized,easy,3167.4875333333334,6329.6302863872115,40064219.56235025,7.699133333333332,3.2821275095301092,10.772360988814318,7738.035133333334,19.243083329403674,370.29625602237365
100000,5,neo4j_optimized,medium,534.6006,725.6608382239273,526583.6521318527,36.040933333333335,12.874732412501327,165.75873469351225,7766.9877333333325,22.013086533250064,484.5759787203553
100000,5,neo4j_optimized,complex,338.7368666666667,212.51674701995094,45163.367763941824,27.041466666666665,11.22127446055107,125.9170005190157,7767.2704,21.39067917443638,457.56115554366625
100000,5,neo4j_optimized,very_complex,1052.3368,633.2189302693314,400966.21365143644,49.51206666666667,6.8624045619130225,47.092596371364664,7766.152533333333,19.677215427035698,387.19280696197166
100000,5,neo4j_optimized,create,145.2809,168.70385309004394,28460.990047427123,41.6444,4.0388835762761905,16.31258054271355,7767.1260999999995,19.697676719110316,387.9984681305806
100000,5,neo4j_optimized,update,144.04865,190.25840224230961,36198.25962379648,40.145250000000004,12.399503148479203,153.74767832914569,7768.6126,19.299429216440476,372.4679680803962
100000,5,neo4j_optimized,delete,102.0069,99.60245297977326,9920.648639587944,41.094350000000006,7.215892049347685,52.06909806783914,7769.09595,19.41734558701909,377.03330964572973
100000,5,postgres_normal,easy,76.07546666666667,71.5033011542492,5112.722075955256,10.167733333333334,0.7734140704595357,0.5981693243847876,4040.2661333333335,15.546170023456375,241.6834023982136
100000,5,postgres_normal,medium,99.63680000000001,72.44973720148167,5248.964420563756,29.4452,25.056783665862866,627.8424076778522,4050.287133333333,19.339291518177728,374.008196425061
100000,5,postgres_normal,complex,167.08113333333333,129.28572673591273,16714.7991376331,42.294266666666665,12.800812702108091,163.86080583445184,4045.2002666666667,21.461323099710373,460.5883891901621
100000,5,postgres_normal,very_complex,430.27933333333334,78.18353569162657,6112.665253243846,40.7494,1.4015582076374742,1.964365409395969,4051.1035333333334,18.502700080003176,342.3499102505496
100000,5,postgres_normal,create,45.52495,1.4766109497714424,2.180379896984921,10.570050000000002,0.41726736966715294,0.17411205778894448,4049.0275500000002,16.92014595662409,286.29133919346253
100000,5,postgres_normal,update,45.3267,2.61179660723953,6.821481517587921,10.3643,0.4967011881924169,0.2467120703517587,4049.13905,16.917608162123464,286.20546592714646
100000,5,postgres_normal,delete,45.5094,2.0783885911153375,4.319699135678398,10.413499999999999,0.44331749571841866,0.19653040201005015,4050.171,16.94585450559021,287.161984924632
100000,5,postgres_optimized,easy,75.245,70.54827858810565,4977.059611744965,10.397066666666666,0.8363323146286827,0.69945174049217,8116.655866666666,2977.8181061695363,8867400.673431125
100000,5,postgres_optimized,medium,65.3434,23.664662206668087,560.0162373557049,19.541866666666667,10.67817591105672,114.023440787472,8120.751466666667,2993.341340319591,8960092.379666284
100000,5,postgres_optimized,complex,165.98233333333332,169.7671847225281,28820.897008612978,21.831666666666667,15.230967986119056,231.98238579418356,8104.529399999999,3001.99897004423,9011997.816146618
100000,5,postgres_optimized,very_complex,394.7222,110.70902942913438,12256.489197140942,37.1752,1.5169745234175775,2.3012117046979865,8109.694266666666,3001.474799913295,9008850.974514555
100000,5,postgres_optimized,create,46.4274,3.1614011968806155,9.994457527638188,10.644649999999999,0.6360255656029109,0.4045285201005027,8109.774,2998.5941413783466,8991566.824708544
100000,5,postgres_optimized,update,45.7993,2.3045727996626044,5.311055788944735,10.53805,0.6428725558892506,0.4132851231155777,8111.576999999999,2998.5922443943114,8991555.448141715
100000,5,postgres_optimized,delete,45.77975000000001,2.5229860743087316,6.365458731155783,10.4616,0.5862669911607021,0.34370898492462276,8114.0486,2998.744979321695,8992471.451007074
100000,10,neo4j_normal,easy,6321.205333333333,12751.029174757847,162588745.01552576,6.778533333333333,3.1384560789158926,9.849906559284118,7923.851066666666,14.018623190956639,196.5217961700273
100000,10,neo4j_normal,medium,846.4296,1091.6899626737088,1191786.9746025237,52.54513333333334,24.355633769024106,593.1968962908275,8026.522333333334,41.602496818086,1730.767741498856
100000,10,neo4j_normal,complex,458.9224,227.7382379717332,51864.70503446979,42.60373333333334,20.772656735426853,431.5032678478746,8033.8092,44.42389598995291,1973.4825349261541
100000,10,neo4j_normal,very_complex,1625.3494666666668,1204.6126342113994,1451091.5985017265,84.89453333333334,2.459963601702312,6.0514209217002115,8034.589466666666,45.91187657297232,2107.9004104518444
100000,10,neo4j_normal,create,85.9306,81.31021321151795,6611.350772502508,74.9023,7.723092938238109,59.64616453266335,8035.1236499999995,45.19787314533441,2042.8477368617416
100000,10,neo4j_normal,update,147.9609,212.07355688970094,44975.19353184922,55.907799999999995,23.274816186223962,541.7170685025129,8035.87865,45.15922313156886,2039.3554338468236
100000,10,neo4j_normal,delete,54.1641,38.226416123385036,1461.2588896381915,66.17405,13.927257107925142,193.9684905502514,8039.53025,47.65296994058478,2270.805544158277
100000,10,neo4j_optimized,easy,6345.704133333334,12809.369222905172,164079939.88871023,6.859133333333334,3.240157204046607,10.498618706935126,7815.4138,19.81236427286147,392.52977808055755
100000,10,neo4j_optimized,medium,901.2902666666668,1269.6871155048877,1612105.3712791223,54.64973333333333,24.895523409529908,619.7870858344517,7966.802133333334,105.3434770858918,11097.248164545812
100000,10,neo4j_optimized,complex,473.6696,247.495505215453,61254.02510185232,42.26466666666666,22.21548388815304,493.52772438478746,7970.3214,106.6886122001521,11382.459973194442
100000,10,neo4j_optimized,very_complex,1444.1954,884.3357514800656,782049.7213458124,83.2406,2.9969398777540537,8.981648630872481,7971.2168,106.71199067954768,11387.448954791871
100000,10,neo4j_optimized,create,158.11075,179.58774486995176,32251.758107474885,75.59545,7.235590344655945,52.35376763567833,7974.18865,107.06408856370747,11462.719059977397
100000,10,neo4j_optimized,update,160.9955,208.53326386319577,43486.122137437225,60.9828,25.580117281998614,654.3424001608041,7977.75305,107.34417888689576,11522.772740901879
100000,10,neo4j_optimized,delete,112.60575,111.38170233260958,12405.883614510047,71.24915,10.373701373106508,107.61368017839183,7977.92795,107.32604659487708,11518.880277685728
100000,10,postgres_normal,easy,149.41473333333332,134.6158655183603,18121.431249257264,8.107066666666666,0.9534730205385239,0.9091108008948564,4037.202066666667,19.68143834081537,387.3590151633172
100000,10,postgres_normal,medium,196.57646666666668,133.7752651424838,17895.821563941838,29.43206666666667,29.198116568307373,852.5300111364655,4033.549466666667,17.251571771079615,297.61672857271105
100000,10,postgres_normal,complex,265.9166666666667,172.98860250567955,29925.056596868002,50.123266666666666,17.2201512007902,296.53360737807606,4041.758666666667,18.766052588488108,352.1647297539012
100000,10,postgres_normal,very_complex,534.3344666666667,80.34777628373106,6455.765153740495,70.08053333333334,1.7215510357465695,2.9637379686800864,4050.929466666667,19.262317589227763,371.03687890827325
100000,10,postgres_normal,create,98.37809999999999,4.057783437063954,16.46560642211055,7.6426,0.35810534369921054,0.12823943718592973,4052.36505,19.01187407323096,361.45135577639155
100000,10,postgres_normal,update,98.1188,4.506047590119539,20.3044648844221,7.41395,0.39495041034687606,0.1559858266331658,4052.55185,19.014660016820482,361.55729555527154
100000,10,postgres_normal,delete,98.2113,4.4688790214709035,19.97087970854274,7.43635,0.3957858127165987,0.15664640954773854,4053.66955,19.0123964399399,361.4712183894393
100000,10,postgres_optimized,easy,147.7798,135.00575837815862,18226.554795261745,8.419066666666666,1.1820857159364662,1.3973266398210278,8099.458866666667,2999.2141099486066,8995285.277314812
100000,10,postgres_optimized,medium,123.97973333333333,30.00808224342922,900.4849999284121,20.189133333333334,15.499483080216416,240.233975753915,8106.7622666666675,2999.9217797993147,8999530.684914287
100000,10,postgres_optimized,complex,248.19653333333335,216.03761884998488,46672.252758371345,27.843066666666665,28.036764141972107,786.060143552573,8074.619000000001,2982.336717681153,8894332.297629192
100000,10,postgres_optimized,very_complex,486.178,123.96266046379344,15366.741189261738,64.31126666666667,3.903572670367643,15.237879592841173,8039.301399999999,2960.2346562773605,8762989.220225543
100000,10,postgres_optimized,create,98.53865,3.388083711136481,11.479111233668352,7.93385,0.5597277492373695,0.31329515326633156,7957.21245,2910.3258656184757,8469996.644087931
100000,10,postgres_optimized,update,98.49879999999999,4.226603416717856,17.864176442211054,7.62515,0.38883148938284073,0.15118992713567816,7910.66325,2886.088852849239,8329508.866540637
100000,10,postgres_optimized,delete,97.6101,4.053866693149781,16.43383516582914,7.59475,0.40307852708247194,0.16247229899497506,7910.7233,2883.473315132379,8314418.359080511
