users,concurrency,complexity,variant_1,variant_2,t_stat,p_value,significant,cohen_d
1000,1,complex,neo4j_normal,neo4j_optimized,0.06659668709503655,0.9469477209280222,False,0.007689923044291327
1000,1,complex,neo4j_normal,postgres_normal,12.620118258644824,2.182828186069863e-25,True,1.4572457347667
1000,1,complex,neo4j_normal,postgres_optimized,13.180633415515286,8.588496908892849e-27,True,1.5219684501075055
1000,1,complex,neo4j_optimized,postgres_normal,13.557783973192615,6.439971360082025e-28,True,1.56551804530751
1000,1,complex,neo4j_optimized,postgres_optimized,14.17171032777023,2.0325519185680737e-29,True,1.6364081545231084
1000,1,complex,postgres_normal,postgres_optimized,6.107436403168927,6.820655002712247e-09,True,0.7052260102856199
1000,1,create,neo4j_normal,neo4j_optimized,-0.07441564364142184,0.9407174835796004,False,-0.007441564364142184
1000,1,create,neo4j_normal,postgres_normal,31.73864232313155,7.360025322331359e-105,True,3.1738642323131545
1000,1,create,neo4j_normal,postgres_optimized,30.416152026078887,5.7370531522619616e-92,True,3.0416152026078884
1000,1,create,neo4j_optimized,postgres_normal,34.195805030173105,1.8375835175704465e-116,True,3.419580503017311
1000,1,create,neo4j_optimized,postgres_optimized,33.23504096360012,1.1089773975895433e-103,True,3.3235040963600126
1000,1,create,postgres_normal,postgres_optimized,-5.336336099405313,1.6754332288727933e-07,True,-0.5336336099405312
1000,1,delete,neo4j_normal,neo4j_optimized,0.6293587954630999,0.5295325903168903,False,0.06293587954630998
1000,1,delete,neo4j_normal,postgres_normal,24.89517502943088,1.5961067358921326e-68,True,2.489517502943088
1000,1,delete,neo4j_normal,postgres_optimized,21.479652543924452,1.5041027297660886e-58,True,2.147965254392445
1000,1,delete,neo4j_optimized,postgres_normal,34.73381224351059,1.3787698559197247e-105,True,3.47338122435106
1000,1,delete,neo4j_optimized,postgres_optimized,29.559717273617924,1.0667541272076682e-91,True,2.955971727361792
1000,1,delete,postgres_normal,postgres_optimized,-7.043373503892272,8.38197689465387e-12,True,-0.7043373503892272
1000,1,easy,neo4j_normal,neo4j_optimized,0.15691432563638752,0.8754186721090422,False,0.018118905629175387
1000,1,easy,neo4j_normal,postgres_normal,6.769277407075346,2.7751612661950455e-10,True,0.7816488266388405
1000,1,easy,neo4j_normal,postgres_optimized,6.768971027275568,2.77958541619368e-10,True,0.7816134489468654
1000,1,easy,neo4j_optimized,postgres_normal,6.686851555348219,4.2843157055059065e-10,True,0.7721311091022723
1000,1,easy,neo4j_optimized,postgres_optimized,6.686538607751291,4.2912517260769953e-10,True,0.7720949730264066
1000,1,easy,postgres_normal,postgres_optimized,-0.01033214726853809,0.9917631996323526,False,-0.0011930536013594645
1000,1,medium,neo4j_normal,neo4j_optimized,-0.5984874048491774,0.5500527742871695,False,-0.06910737285925463
1000,1,medium,neo4j_normal,postgres_normal,8.535539248434638,1.4706084948681426e-14,True,0.9855991765524712
1000,1,medium,neo4j_normal,postgres_optimized,8.521550775157271,1.5933817304756344e-14,True,0.9839839267900231
1000,1,medium,neo4j_optimized,postgres_normal,6.108503297255541,8.349216561882356e-09,True,0.7053492046032406
1000,1,medium,neo4j_optimized,postgres_optimized,6.0998030446947595,8.719668534036135e-09,True,0.7043445859716435
1000,1,medium,postgres_normal,postgres_optimized,-0.34339273685805505,0.7315461932305776,False,-0.03965157781255208
1000,1,update,neo4j_normal,neo4j_optimized,0.09046776145103239,0.9279610706929371,False,0.009046776145103238
1000,1,update,neo4j_normal,postgres_normal,7.429580194316526,3.141292292114743e-12,True,0.7429580194316525
1000,1,update,neo4j_normal,postgres_optimized,7.358244159670266,4.785134524282921e-12,True,0.7358244159670266
1000,1,update,neo4j_optimized,postgres_normal,7.54544322093629,1.578041329590759e-12,True,0.754544322093629
1000,1,update,neo4j_optimized,postgres_optimized,7.47174060689973,2.44631493485496e-12,True,0.7471740606899729
1000,1,update,postgres_normal,postgres_optimized,-5.800447427975803,1.3815390672153973e-08,True,-0.5800447427975802
1000,1,very_complex,neo4j_normal,neo4j_optimized,0.3385729932444705,0.735188156872042,False,0.03909504175800649
1000,1,very_complex,neo4j_normal,postgres_normal,14.768939842306041,3.9402985284176324e-31,True,1.7053702787201568
1000,1,very_complex,neo4j_normal,postgres_optimized,15.304563730256863,1.1669159160790454e-32,True,1.7672187978987168
1000,1,very_complex,neo4j_optimized,postgres_normal,19.013542429084797,3.839615468483909e-42,True,2.1954947679360957
1000,1,very_complex,neo4j_optimized,postgres_optimized,19.68359434218855,3.94090036663239e-44,True,2.272865698416391
1000,1,very_complex,postgres_normal,postgres_optimized,3.999531420930022,8.140744286671905e-05,True,0.461826108501263
1000,3,complex,neo4j_normal,neo4j_optimized,-0.054793133910385025,0.95634001610863,False,-0.006326966122580801
1000,3,complex,neo4j_normal,postgres_normal,4.792156223150156,3.9240016638942074e-06,True,0.5533505370868969
1000,3,complex,neo4j_normal,postgres_optimized,5.104156848277972,9.967958575116725e-07,True,0.5893772660678719
1000,3,complex,neo4j_optimized,postgres_normal,4.735071029632968,5.019460514254911e-06,True,0.5467589067181186
1000,3,complex,neo4j_optimized,postgres_optimized,5.038025605151316,1.3407837608397528e-06,True,0.5817410878636678
1000,3,complex,postgres_normal,postgres_optimized,4.0137524347130755,8.294852614140015e-05,True,0.463468209728422
1000,3,create,neo4j_normal,neo4j_optimized,-0.3197457190785124,0.7493321639285144,False,-0.03197457190785124
1000,3,create,neo4j_normal,postgres_normal,-38.89936187939078,9.273519862106841e-123,True,-3.8899361879390786
1000,3,create,neo4j_normal,postgres_optimized,-40.068627657436316,3.685467875127314e-138,True,-4.006862765743632
1000,3,create,neo4j_optimized,postgres_normal,-42.678011853517866,1.131076503469529e-139,True,-4.267801185351787
1000,3,create,neo4j_optimized,postgres_optimized,-43.12603788541639,2.0051783906579894e-151,True,-4.312603788541638
1000,3,create,postgres_normal,postgres_optimized,-6.405112267003652,4.66168167630605e-10,True,-0.6405112267003651
1000,3,delete,neo4j_normal,neo4j_optimized,-1.2112101767881605,0.22653390990559694,False,-0.12112101767881603
1000,3,delete,neo4j_normal,postgres_normal,-47.96505513238861,4.798784414057177e-162,True,-4.796505513238861
1000,3,delete,neo4j_normal,postgres_optimized,-47.06365710577901,5.009723971420884e-164,True,-4.706365710577901
1000,3,delete,neo4j_optimized,postgres_normal,-45.93802511002443,3.6263496948451232e-155,True,-4.593802511002443
1000,3,delete,neo4j_optimized,postgres_optimized,-45.22049586954327,7.144568839868954e-158,True,-4.522049586954327
1000,3,delete,postgres_normal,postgres_optimized,-2.5810768699687876,0.010215952197469675,True,-0.25810768699687875
1000,3,easy,neo4j_normal,neo4j_optimized,0.08517903808086427,0.9321762535172262,False,0.009835628113060076
1000,3,easy,neo4j_normal,postgres_normal,6.176608636470264,5.932895605734706e-09,True,0.713213331789015
1000,3,easy,neo4j_normal,postgres_optimized,6.177390454893366,5.909570426917423e-09,True,0.713303608404422
1000,3,easy,neo4j_optimized,postgres_normal,6.079847900285764,9.640832195226972e-09,True,0.7020403643723935
1000,3,easy,neo4j_optimized,postgres_optimized,6.080632740575456,9.603111501279783e-09,True,0.7021309899228982
1000,3,easy,postgres_normal,postgres_optimized,0.04465383420783,0.9644131388437711,False,0.0051561806400479155
1000,3,medium,neo4j_normal,neo4j_optimized,0.39690151134858886,0.691728258239529,False,0.045830238883775416
1000,3,medium,neo4j_normal,postgres_normal,7.489265388039876,5.6134410042600825e-12,True,0.864785877563474
1000,3,medium,neo4j_normal,postgres_optimized,7.429889280987007,7.77342034249668e-12,True,0.8579297152853926
1000,3,medium,neo4j_optimized,postgres_normal,7.848242590477566,7.534805774564671e-13,True,0.9062369944555418
1000,3,medium,neo4j_optimized,postgres_optimized,7.780994654278919,1.0962673204691697e-12,True,0.8984718716421947
1000,3,medium,postgres_normal,postgres_optimized,-1.35724359648754,0.17577429243747048,False,-0.1567209911575954
1000,3,update,neo4j_normal,neo4j_optimized,0.8878619280261839,0.3752569038598552,False,0.08878619280261839
1000,3,update,neo4j_normal,postgres_normal,5.308904418193945,2.9321263158086944e-07,True,0.5308904418193945
1000,3,update,neo4j_normal,postgres_optimized,5.264374426537852,3.6294579614538966e-07,True,0.5264374426537851
1000,3,update,neo4j_optimized,postgres_normal,6.8713819382698516,7.969621121257107e-11,True,0.6871381938269853
1000,3,update,neo4j_optimized,postgres_optimized,6.799769523048025,1.194759810271154e-10,True,0.6799769523048027
1000,3,update,postgres_normal,postgres_optimized,-3.9269939977005883,0.00010236225530342375,True,-0.3926993997700588
1000,3,very_complex,neo4j_normal,neo4j_optimized,0.1724647163965728,0.8631898496356561,False,0.019914510087454755
1000,3,very_complex,neo4j_normal,postgres_normal,-16.09168199176475,7.396955072733528e-36,True,-1.8581073859318467
1000,3,very_complex,neo4j_normal,postgres_optimized,-15.780277455184523,6.739156619452334e-35,True,-1.8221494873275534
1000,3,very_complex,neo4j_optimized,postgres_normal,-15.284215625292745,1.860303303632604e-33,True,-1.7648692011230103
1000,3,very_complex,neo4j_optimized,postgres_optimized,-14.989133239090744,1.458352104880455e-32,True,-1.7307960221016416
1000,3,very_complex,postgres_normal,postgres_optimized,1.0200910533371637,0.30851397387072166,False,0.11778996884842809
1000,5,complex,neo4j_normal,neo4j_optimized,-0.16632122369017663,0.8680172948106217,False,-0.019205120653894292
1000,5,complex,neo4j_normal,postgres_normal,3.808864781172609,0.00020298330344885803,True,0.43980982134337815
1000,5,complex,neo4j_normal,postgres_optimized,3.9027950510359126,0.00014337206577977012,True,0.45065595466150465
1000,5,complex,neo4j_optimized,postgres_normal,3.8342672150820962,0.00018485740845819936,True,0.44274304175452106
1000,5,complex,neo4j_optimized,postgres_optimized,3.9230067759611407,0.00013291322598011694,True,0.4529898036267781
1000,5,complex,postgres_normal,postgres_optimized,1.1573200328679663,0.248170401574778,False,0.13363580650297338
1000,5,create,neo4j_normal,neo4j_optimized,-0.6208541831887986,0.5351702529939603,False,-0.06208541831887985
1000,5,create,neo4j_normal,postgres_normal,-103.8411494416302,3.61595836046779e-290,True,-10.384114944163018
1000,5,create,neo4j_normal,postgres_optimized,-98.14846097057837,5.08136639541789e-279,True,-9.814846097057837
1000,5,create,neo4j_optimized,postgres_normal,-66.07539635094108,8.093689026788655e-178,True,-6.607539635094108
1000,5,create,neo4j_optimized,postgres_optimized,-64.98234925374356,5.1847412075791145e-185,True,-6.498234925374358
1000,5,create,postgres_normal,postgres_optimized,-1.2858047447631304,0.19927208479109867,False,-0.12858047447631304
1000,5,delete,neo4j_normal,neo4j_optimized,-0.29805891290356107,0.7658985793267946,False,-0.0298058912903561
1000,5,delete,neo4j_normal,postgres_normal,-58.49795606316603,1.4657298979051434e-156,True,-5.8497956063166034
1000,5,delete,neo4j_normal,postgres_optimized,-59.61733962693262,1.069783197694406e-148,True,-5.961733962693262
1000,5,delete,neo4j_optimized,postgres_normal,-108.45420256574408,2.5471690932621026e-294,True,-10.845420256574407
1000,5,delete,neo4j_optimized,postgres_optimized,-120.27493126884464,1.02179084213e-312,True,-12.027493126884462
1000,5,delete,postgres_normal,postgres_optimized,1.3064527911949337,0.1921906939492192,False,0.13064527911949336
1000,5,easy,neo4j_normal,neo4j_optimized,0.002156469770607779,0.9982808302612111,False,0.00024900768051193834
1000,5,easy,neo4j_normal,postgres_normal,5.979186097980995,1.5905231183170938e-08,True,0.690416940640839
1000,5,easy,neo4j_normal,postgres_optimized,5.979404586809114,1.588752764412607e-08,True,0.6904421695575849
1000,5,easy,neo4j_optimized,postgres_normal,5.975172051255516,1.6224304573220472e-08,True,0.6899534384493402
1000,5,easy,neo4j_optimized,postgres_optimized,5.975390528495938,1.6206254808855278e-08,True,0.689978666028054
1000,5,easy,postgres_normal,postgres_optimized,0.0153458544449344,0.9877665429519693,False,0.0017719866389455383
1000,5,medium,neo4j_normal,neo4j_optimized,-0.16813514823802117,0.8665912613008204,False,-0.019414574619091827
1000,5,medium,neo4j_normal,postgres_normal,7.789418206093192,1.0530335320668477e-12,True,0.8994445396236953
1000,5,medium,neo4j_normal,postgres_optimized,7.729198647292486,1.4738737625099777e-12,True,0.8924909839268816
1000,5,medium,neo4j_optimized,postgres_normal,7.665055069196391,2.1154612682159617e-12,True,0.8850843215107683
1000,5,medium,neo4j_optimized,postgres_optimized,7.607649100739649,2.909234616244013e-12,True,0.8784556512424502
1000,5,medium,postgres_normal,postgres_optimized,-1.6618342372664998,0.09763802865506237,False,-0.19189208884687003
1000,5,update,neo4j_normal,neo4j_optimized,0.16070215232569052,0.8724144783859418,False,0.016070215232569046
1000,5,update,neo4j_normal,postgres_normal,3.950969444082942,0.0001080418983559565,True,0.3950969444082942
1000,5,update,neo4j_normal,postgres_optimized,3.913530367283387,0.00012483481454613534,True,0.39135303672833865
1000,5,update,neo4j_optimized,postgres_normal,4.819383190368663,2.8521824865710478e-06,True,0.4819383190368663
1000,5,update,neo4j_optimized,postgres_optimized,4.771188797010997,3.537693672923967e-06,True,0.4771188797010997
1000,5,update,postgres_normal,postgres_optimized,-4.083202186022449,5.516430218704459e-05,True,-0.4083202186022449
1000,5,very_complex,neo4j_normal,neo4j_optimized,0.6065861547719946,0.5445901296936874,False,0.07004253594886223
1000,5,very_complex,neo4j_normal,postgres_normal,-34.41982258203443,6.2889672638192675e-78,True,-3.9744587666393474
1000,5,very_complex,neo4j_normal,postgres_optimized,-33.96071124220676,1.600740336170165e-78,True,-3.9214451555118455
1000,5,very_complex,neo4j_optimized,postgres_normal,-37.8493453025383,5.728566215901986e-85,True,-4.370465939814317
1000,5,very_complex,neo4j_optimized,postgres_optimized,-37.297001779779684,7.344540577010464e-86,True,-4.30668680350435
1000,5,very_complex,postgres_normal,postgres_optimized,0.41410833949092724,0.6790978856744867,False,0.04781711225575115
1000,10,complex,neo4j_normal,neo4j_optimized,-0.2938952351759659,0.7690428029379924,False,-0.033936098628478455
1000,10,complex,neo4j_normal,postgres_normal,2.7985528714661716,0.00580995378300399,True,0.3231490507364788
1000,10,complex,neo4j_normal,postgres_optimized,2.9316368285474264,0.0039029963050813614,True,0.33851626242561544
1000,10,complex,neo4j_optimized,postgres_normal,3.1099808773104765,0.0022410044473105553,True,0.3591096593379584
1000,10,complex,neo4j_optimized,postgres_optimized,3.238542378552946,0.0014807697737245138,True,0.37395466280791084
1000,10,complex,postgres_normal,postgres_optimized,2.502405190444788,0.012918237654774295,True,0.28895286206496307
1000,10,create,neo4j_normal,neo4j_optimized,-0.7590558019562134,0.4482962546241318,False,-0.07590558019562134
1000,10,create,neo4j_normal,postgres_normal,-131.71388901790553,1.9369968970177573e-279,True,-13.171388901790554
1000,10,create,neo4j_normal,postgres_optimized,-135.65913061047095,1.9959800753530012e-271,True,-13.565913061047095
1000,10,create,neo4j_optimized,postgres_normal,-156.334313937571,0.0,True,-15.633431393757101
1000,10,create,neo4j_optimized,postgres_optimized,-162.6238310158522,0.0,True,-16.262383101585215
1000,10,create,postgres_normal,postgres_optimized,-1.3902221712864349,0.1652456232082089,False,-0.13902221712864346
1000,10,delete,neo4j_normal,neo4j_optimized,-0.8984263764172414,0.369541503080529,False,-0.08984263764172414
1000,10,delete,neo4j_normal,postgres_normal,-164.30567692563616,1.2566754475493657e-269,True,-16.430567692563613
1000,10,delete,neo4j_normal,postgres_optimized,-179.3292518504479,8.968240318558146e-291,True,-17.93292518504479
1000,10,delete,neo4j_optimized,postgres_normal,-155.37256799410477,7.462595682088918e-296,True,-15.537256799410473
1000,10,delete,neo4j_optimized,postgres_optimized,-168.08361208934187,1.1443e-320,True,-16.808361208934187
1000,10,delete,postgres_normal,postgres_optimized,-0.6274905884506022,0.5307010098065061,False,-0.06274905884506021
1000,10,easy,neo4j_normal,neo4j_optimized,0.014689618911787505,0.9882896312680497,False,0.0016962110866027068
1000,10,easy,neo4j_normal,postgres_normal,5.923349410508426,2.0953075031824732e-08,True,0.6839694753322503
1000,10,easy,neo4j_normal,postgres_optimized,5.925915266495726,2.0690353637909038e-08,True,0.6842657548612439
1000,10,easy,neo4j_optimized,postgres_normal,5.931894247746939,2.008954102588221e-08,True,0.6849561481482176
1000,10,easy,neo4j_optimized,postgres_optimized,5.934472912979294,1.983619375938975e-08,True,0.6852539067614277
1000,10,easy,postgres_normal,postgres_optimized,0.16874180446624176,0.8661142554041951,False,0.01948462524642558
1000,10,medium,neo4j_normal,neo4j_optimized,-1.420582861045947,0.15670743988572758,False,-0.16403477944620926
1000,10,medium,neo4j_normal,postgres_normal,7.019589774415221,7.307644800529109e-11,True,0.8105524091718744
1000,10,medium,neo4j_normal,postgres_optimized,6.975708043021451,9.223660726580822e-11,True,0.8054853832853345
1000,10,medium,neo4j_optimized,postgres_normal,5.91390364229632,2.1949603547216703e-08,True,0.6828787719682577
1000,10,medium,neo4j_optimized,postgres_optimized,5.887825456919549,2.4934836586732958e-08,True,0.6798675224988067
1000,10,medium,postgres_normal,postgres_optimized,-1.24094595325085,0.21577967475304835,False,-0.14329209603183102
1000,10,update,neo4j_normal,neo4j_optimized,0.18776187897158378,0.8511592223489022,False,0.01877618789715838
1000,10,update,neo4j_normal,postgres_normal,2.8482753730166244,0.004857018117369973,True,0.2848275373016624
1000,10,update,neo4j_normal,postgres_optimized,2.837212110521241,0.005021761585285858,True,0.2837212110521241
1000,10,update,neo4j_optimized,postgres_normal,2.714394444927876,0.0072222551122669365,True,0.27143944449278756
1000,10,update,neo4j_optimized,postgres_optimized,2.7027945270990146,0.007469895277999263,True,0.27027945270990145
1000,10,update,postgres_normal,postgres_optimized,-0.42917004091589,0.6680383135363881,False,-0.04291700409158901
1000,10,very_complex,neo4j_normal,neo4j_optimized,1.1048040558631855,0.27014923417315095,False,0.1275717838108801
1000,10,very_complex,neo4j_normal,postgres_normal,-56.56415407956136,9.109896164481846e-116,True,-6.531465916863644
1000,10,very_complex,neo4j_normal,postgres_optimized,-55.78887617950951,1.0682230501168884e-116,True,-6.441944536005303
1000,10,very_complex,neo4j_optimized,postgres_normal,-64.79803718646976,1.198498017815651e-129,True,-7.482232842513539
1000,10,very_complex,neo4j_optimized,postgres_optimized,-63.80749362708851,3.870984475906374e-131,True,-7.367854724382976
1000,10,very_complex,postgres_normal,postgres_optimized,0.8516785136247694,0.39508018842959924,False,0.09834336382085619
10000,1,complex,neo4j_normal,neo4j_optimized,-1.5281224094974117,0.12762859968503185,False,-0.17645237689560606
10000,1,complex,neo4j_normal,postgres_normal,11.742367346291068,7.906809621085662e-25,True,1.3558917896609242
10000,1,complex,neo4j_normal,postgres_optimized,17.809555792723998,1.6798949184796993e-39,True,2.0564703662153723
10000,1,complex,neo4j_optimized,postgres_normal,10.934605456562593,8.890505913552878e-22,True,1.2626194807657527
10000,1,complex,neo4j_optimized,postgres_optimized,15.262258362833716,1.421337192915216e-32,True,1.7623337948447322
10000,1,complex,postgres_normal,postgres_optimized,10.292277639739325,6.447549814227381e-20,True,1.1884498531755732
10000,1,create,neo4j_normal,neo4j_optimized,-4.419611799826893,1.364616829034725e-05,True,-0.4419611799826893
10000,1,create,neo4j_normal,postgres_normal,24.465148389319786,2.377589054015653e-66,True,2.4465148389319786
10000,1,create,neo4j_normal,postgres_optimized,24.093502501271725,2.6409843981199917e-64,True,2.409350250127172
10000,1,create,neo4j_optimized,postgres_normal,19.13380816908623,6.690843657646259e-48,True,1.9133808169086228
10000,1,create,neo4j_optimized,postgres_optimized,18.848250146101723,7.8467906429451855e-47,True,1.8848250146101722
10000,1,create,postgres_normal,postgres_optimized,-1.5810586869641812,0.11467244027516317,False,-0.1581058686964181
10000,1,delete,neo4j_normal,neo4j_optimized,-6.055042646009304,5.6144002603935575e-09,True,-0.6055042646009305
10000,1,delete,neo4j_normal,postgres_normal,33.05112389113036,1.7795129298349135e-95,True,3.3051123891130354
10000,1,delete,neo4j_normal,postgres_optimized,33.76712427135957,2.714103475106847e-89,True,3.376712427135957
10000,1,delete,neo4j_optimized,postgres_normal,16.438840625846115,2.99544436752356e-39,True,1.6438840625846116
10000,1,delete,neo4j_optimized,postgres_optimized,16.242915230152335,1.9383303122891112e-38,True,1.6242915230152335
10000,1,delete,postgres_normal,postgres_optimized,-1.9923476361970196,0.04717628151575747,True,-0.19923476361970194
10000,1,easy,neo4j_normal,neo4j_optimized,0.03757984739931958,0.9700478380480437,False,0.004339347002420443
10000,1,easy,neo4j_normal,postgres_normal,6.745219305410695,3.151271502810989e-10,True,0.7788708363443849
10000,1,easy,neo4j_normal,postgres_optimized,6.744287097670477,3.1667083229787344e-10,True,0.7787631942664339
10000,1,easy,neo4j_optimized,postgres_normal,6.711990980790546,3.7542720505079155e-10,True,0.7750339599115524
10000,1,easy,neo4j_optimized,postgres_optimized,6.711056052479403,3.7726727068592543e-10,True,0.7749260036891301
10000,1,easy,postgres_normal,postgres_optimized,-0.03300860596527151,0.9736898238382093,False,-0.0038115055079247593
10000,1,medium,neo4j_normal,neo4j_optimized,-0.005380643693302288,0.9957104936338836,False,-0.0006213032169483077
10000,1,medium,neo4j_normal,postgres_normal,7.41366585066553,7.473689333812902e-12,True,0.8560563949127361
10000,1,medium,neo4j_normal,postgres_optimized,8.453108683913888,2.3672380247051075e-14,True,0.9760809148293693
10000,1,medium,neo4j_optimized,postgres_normal,7.7051738116441255,1.4367484815396986e-12,True,0.8897168348611181
10000,1,medium,neo4j_optimized,postgres_optimized,8.791169340275351,3.295529045733835e-15,True,1.0151167970199118
10000,1,medium,postgres_normal,postgres_optimized,6.62071968900216,4.950526380330645e-10,True,0.7644948589348906
10000,1,update,neo4j_normal,neo4j_optimized,-0.5510243878440608,0.5819337304326586,False,-0.055102438784406085
10000,1,update,neo4j_normal,postgres_normal,8.643091541931982,1.7958453026648386e-15,True,0.8643091541931982
10000,1,update,neo4j_normal,postgres_optimized,8.59020618452327,2.5141596940611394e-15,True,0.8590206184523271
10000,1,update,neo4j_optimized,postgres_normal,8.104181639672623,5.2894138915309643e-14,True,0.8104181639672624
10000,1,update,neo4j_optimized,postgres_optimized,8.059007435113777,6.992138695996665e-14,True,0.8059007435113779
10000,1,update,postgres_normal,postgres_optimized,-3.095947575141563,0.0021018316824787434,True,-0.30959475751415627
10000,1,very_complex,neo4j_normal,neo4j_optimized,1.782441419359056,0.07577591801442495,False,0.20581860665633792
10000,1,very_complex,neo4j_normal,postgres_normal,12.205697975470398,2.4401747169685146e-24,True,1.409392602357021
10000,1,very_complex,neo4j_normal,postgres_optimized,12.360052423754064,6.463260688411306e-25,True,1.4272159188104592
10000,1,very_complex,neo4j_optimized,postgres_normal,13.281734929496869,2.209313185947666e-27,True,1.5336426473700544
10000,1,very_complex,neo4j_optimized,postgres_optimized,13.441093694523266,3.727333714723696e-28,True,1.5520438125471978
10000,1,very_complex,postgres_normal,postgres_optimized,1.217527912177745,0.2244829032329629,False,0.1405880135683408
10000,3,complex,neo4j_normal,neo4j_optimized,-0.819521190804902,0.41315439726841463,False,-0.09463015602356258
10000,3,complex,neo4j_normal,postgres_normal,8.383794245843099,1.4782276563010083e-14,True,0.9680771729335899
10000,3,complex,neo4j_normal,postgres_optimized,11.793410687546578,1.4670683331906927e-23,True,1.3617857670237654
10000,3,complex,neo4j_optimized,postgres_normal,8.517950679754406,7.797823943655724e-15,True,0.9835682235800326
10000,3,complex,neo4j_optimized,postgres_optimized,11.516736021623082,1.0652333275003688e-22,True,1.3298381284539893
10000,3,complex,postgres_normal,postgres_optimized,8.53349914606761,1.2718469055029946e-15,True,0.9853636058223154
10000,3,create,neo4j_normal,neo4j_optimized,-3.8650767603580385,0.0001458239908788406,True,-0.3865076760358038
10000,3,create,neo4j_normal,postgres_normal,-10.959424277315783,1.3709907277910503e-22,True,-1.0959424277315784
10000,3,create,neo4j_normal,postgres_optimized,-12.88332769355082,5.235388544383088e-30,True,-1.2883327693550817
10000,3,create,neo4j_optimized,postgres_normal,1.2632158326779597,0.20798050914866129,False,0.12632158326779597
10000,3,create,neo4j_optimized,postgres_optimized,0.5789635919921882,0.5632540054320627,False,0.057896359199218816
10000,3,create,postgres_normal,postgres_optimized,-5.686676227676046,3.068633044425952e-08,True,-0.5686676227676046
10000,3,delete,neo4j_normal,neo4j_optimized,-5.533815567878303,7.047071990437403e-08,True,-0.5533815567878303
10000,3,delete,neo4j_normal,postgres_normal,-27.508162503946618,1.9246364490867152e-72,True,-2.750816250394662
10000,3,delete,neo4j_normal,postgres_optimized,-27.03853751407543,1.3820269390749963e-81,True,-2.7038537514075425
10000,3,delete,neo4j_optimized,postgres_normal,-7.4493118399251435,2.644477261145002e-12,True,-0.7449311839925143
10000,3,delete,neo4j_optimized,postgres_optimized,-8.294897540869899,1.0402387456462023e-14,True,-0.8294897540869899
10000,3,delete,postgres_normal,postgres_optimized,-4.002129687334846,8.166629283296668e-05,True,-0.4002129687334846
10000,3,easy,neo4j_normal,neo4j_optimized,0.02686289588478789,0.978587067722458,False,0.0031018600340590352
10000,3,easy,neo4j_normal,postgres_normal,6.110274099110726,8.279710559308409e-09,True,0.7055536791887952
10000,3,easy,neo4j_normal,postgres_optimized,6.111246501593451,8.239477519763047e-09,True,0.7056659625558275
10000,3,easy,neo4j_optimized,postgres_normal,6.085010827454967,9.395360910339677e-09,True,0.7026365278505826
10000,3,easy,neo4j_optimized,postgres_optimized,6.085985260551003,9.349716031765987e-09,True,0.7027490456926433
10000,3,easy,postgres_normal,postgres_optimized,0.05579489862724572,0.955542588354203,False,0.00644263994836964
10000,3,medium,neo4j_normal,neo4j_optimized,-0.6067449516946004,0.5444989625689038,False,-0.0700608722380648
10000,3,medium,neo4j_normal,postgres_normal,6.860305415117987,1.503264819986455e-10,True,0.7921598356282835
10000,3,medium,neo4j_normal,postgres_optimized,8.098746307895304,1.8214096238191034e-13,True,0.9351626721923683
10000,3,medium,neo4j_optimized,postgres_normal,6.457507022637902,1.3148717741722683e-09,True,0.7456486835627784
10000,3,medium,neo4j_optimized,postgres_optimized,7.462853410426022,6.507643160272231e-12,True,0.8617360850864361
10000,3,medium,postgres_normal,postgres_optimized,7.091800183933448,4.237674403236991e-11,True,0.8188905490466029
10000,3,update,neo4j_normal,neo4j_optimized,0.2405261395226228,0.8100476535830505,False,0.02405261395226228
10000,3,update,neo4j_normal,postgres_normal,6.6956482656162875,2.1414359037055852e-10,True,0.6695648265616289
10000,3,update,neo4j_normal,postgres_optimized,6.666955860879322,2.513225287440758e-10,True,0.6666955860879323
10000,3,update,neo4j_optimized,postgres_normal,7.091871406391387,2.258788445396239e-11,True,0.7091871406391387
10000,3,update,neo4j_optimized,postgres_optimized,7.05996685726042,2.7153101977461718e-11,True,0.7059966857260418
10000,3,update,postgres_normal,postgres_optimized,-1.6370759388178613,0.10241942173666121,False,-0.1637075938817861
10000,3,very_complex,neo4j_normal,neo4j_optimized,1.571547984793217,0.1171384521210442,False,0.18146673041295555
10000,3,very_complex,neo4j_normal,postgres_normal,8.827811409461972,2.3304415515410005e-15,True,1.0193478587216238
10000,3,very_complex,neo4j_normal,postgres_optimized,9.329757645721712,9.909851101898526e-17,True,1.07730761764628
10000,3,very_complex,neo4j_optimized,postgres_normal,7.799788292421551,8.75838441253028e-13,True,0.9006419740503349
10000,3,very_complex,neo4j_optimized,postgres_optimized,8.376467486054306,2.7103389951251266e-14,True,0.9672311515863203
10000,3,very_complex,postgres_normal,postgres_optimized,2.920504159389849,0.003792043328356445,True,0.3372307725186302
10000,5,complex,neo4j_normal,neo4j_optimized,0.18018948548018587,0.8571262960276059,False,0.0208064895894251
10000,5,complex,neo4j_normal,postgres_normal,8.867134402708249,1.294911594556902e-15,True,1.0238884868688398
10000,5,complex,neo4j_normal,postgres_optimized,11.159899012522919,1.3902061807334797e-21,True,1.2886341398018293
10000,5,complex,neo4j_optimized,postgres_normal,8.703070781648064,3.449860692849833e-15,True,1.0049440517121753
10000,5,complex,neo4j_optimized,postgres_optimized,11.017764780547829,3.340300676673579e-21,True,1.2722218923834534
10000,5,complex,postgres_normal,postgres_optimized,8.75389931107541,2.8796893817399656e-16,True,1.0108132247416532
10000,5,create,neo4j_normal,neo4j_optimized,-4.860145858488991,1.9033991989360361e-06,True,-0.48601458584889917
10000,5,create,neo4j_normal,postgres_normal,-47.23946977998874,2.967983779091158e-126,True,-4.7239469779988745
10000,5,create,neo4j_normal,postgres_optimized,-48.28327486339591,3.4813990530953243e-128,True,-4.82832748633959
10000,5,create,neo4j_optimized,postgres_normal,-19.916523941764964,1.7831470452535498e-50,True,-1.9916523941764968
10000,5,create,neo4j_optimized,postgres_optimized,-20.460356321070734,4.271569238470357e-52,True,-2.0460356321070736
10000,5,create,postgres_normal,postgres_optimized,-2.1272970144594714,0.0340097694800057,True,-0.21272970144594713
10000,5,delete,neo4j_normal,neo4j_optimized,-6.3122942937559126,1.100302170820482e-09,True,-0.6312294293755913
10000,5,delete,neo4j_normal,postgres_normal,-85.76527228812446,1.5957652958013925e-219,True,-8.576527228812447
10000,5,delete,neo4j_normal,postgres_optimized,-86.10419079984977,2.584276741038877e-222,True,-8.610419079984979
10000,5,delete,neo4j_optimized,postgres_normal,-35.65598125713272,3.2062526262257687e-94,True,-3.565598125713272
10000,5,delete,neo4j_optimized,postgres_optimized,-36.02778031569726,2.293184896942212e-95,True,-3.6027780315697258
10000,5,delete,postgres_normal,postgres_optimized,-1.228077781613513,0.22014397206898764,False,-0.12280777816135129
10000,5,easy,neo4j_normal,neo4j_optimized,-0.010799969157605463,0.9913902654494386,False,-0.0012470730200766337
10000,5,easy,neo4j_normal,postgres_normal,5.974108809480874,1.630986310921487e-08,True,0.6898306658643795
10000,5,easy,neo4j_normal,postgres_optimized,5.97500734491759,1.6237328842066916e-08,True,0.6899344197996323
10000,5,easy,neo4j_optimized,postgres_normal,5.970334950472244,1.6617189559230825e-08,True,0.6893948981614763
10000,5,easy,neo4j_optimized,postgres_optimized,5.971230665643802,1.6543547230889426e-08,True,0.6894983264405592
10000,5,easy,postgres_normal,postgres_optimized,0.05716129082308494,0.954455028879733,False,0.006600417328786916
10000,5,medium,neo4j_normal,neo4j_optimized,-0.33089278490518875,0.7409617806691244,False,-0.03820820768758313
10000,5,medium,neo4j_normal,postgres_normal,5.499896233649835,1.3350147727317756e-07,True,0.6350733142025482
10000,5,medium,neo4j_normal,postgres_optimized,8.055708363701168,2.3322904700538244e-13,True,0.9301930784591976
10000,5,medium,neo4j_optimized,postgres_normal,5.309585593220198,3.426365742480877e-07,True,0.6130981343062081
10000,5,medium,neo4j_optimized,postgres_optimized,7.52883886291185,4.518818753691737e-12,True,0.8693554288374945
10000,5,medium,postgres_normal,postgres_optimized,7.926636780300705,4.637718131257453e-13,True,0.9152891757750004
10000,5,update,neo4j_normal,neo4j_optimized,-0.10185735581204938,0.9189211955204615,False,-0.010185735581204938
10000,5,update,neo4j_normal,postgres_normal,5.636539475709843,5.874389690216273e-08,True,0.5636539475709843
10000,5,update,neo4j_normal,postgres_optimized,5.63136755601148,6.032545707677281e-08,True,0.563136755601148
10000,5,update,neo4j_optimized,postgres_normal,5.7580183092626855,3.184555389355809e-08,True,0.5758018309262686
10000,5,update,neo4j_optimized,postgres_optimized,5.752882250717867,3.2710667340748885e-08,True,0.5752882250717868
10000,5,update,postgres_normal,postgres_optimized,-0.27220178530302785,0.785664738044073,False,-0.027220178530302782
10000,5,very_complex,neo4j_normal,neo4j_optimized,2.0520799925370174,0.04112652932194368,True,0.23695378721797852
10000,5,very_complex,neo4j_normal,postgres_normal,4.579650248330337,9.604460050692127e-06,True,0.5288124607335714
10000,5,very_complex,neo4j_normal,postgres_optimized,5.0283249587501215,1.3318766183019937e-06,True,0.5806209537014594
10000,5,very_complex,neo4j_optimized,postgres_normal,2.878663586129605,0.004553986332122905,True,0.3323994392716602
10000,5,very_complex,neo4j_optimized,postgres_optimized,3.504152582506873,0.0005890551732859015,True,0.40462468735837315
10000,5,very_complex,postgres_normal,postgres_optimized,2.4284846800929816,0.015851974602401772,True,0.280417256754913
10000,10,complex,neo4j_normal,neo4j_optimized,0.13410182545860216,0.8934126053905195,False,0.015484745005468835
10000,10,complex,neo4j_normal,postgres_normal,8.58310620407114,8.719075052283816e-15,True,0.9910917354807238
10000,10,complex,neo4j_normal,postgres_optimized,10.162662441333843,7.581782650272309e-19,True,1.1734831792374787
10000,10,complex,neo4j_optimized,postgres_normal,8.250235217059156,6.196881832704382e-14,True,0.952655104689367
10000,10,complex,neo4j_optimized,postgres_optimized,9.799445257154757,6.977633408142299e-18,True,1.1315424714254603
10000,10,complex,postgres_normal,postgres_optimized,8.131216924910207,1.6701127869272738e-14,True,0.93891205608723
10000,10,create,neo4j_normal,neo4j_optimized,-5.478686387086407,1.0004441670387085e-07,True,-0.5478686387086407
10000,10,create,neo4j_normal,postgres_normal,-134.39037556601542,3.25014312674775e-289,True,-13.439037556601543
10000,10,create,neo4j_normal,postgres_optimized,-139.41782667964873,1.3731613690248034e-279,True,-13.94178266796487
10000,10,create,neo4j_optimized,postgres_normal,-56.60065707029549,1.8082327847557597e-134,True,-5.660065707029548
10000,10,create,neo4j_optimized,postgres_optimized,-57.471454256364495,6.992813612120824e-134,True,-5.747145425636449
10000,10,create,postgres_normal,postgres_optimized,-1.6399302724568212,0.10181988912957153,False,-0.16399302724568213
10000,10,delete,neo4j_normal,neo4j_optimized,-6.54427639822482,2.9453544475353076e-10,True,-0.6544276398224821
10000,10,delete,neo4j_normal,postgres_normal,-190.70019978326243,0.0,True,-19.070019978326243
10000,10,delete,neo4j_normal,postgres_optimized,-166.68886000332006,0.0,True,-16.668886000332005
10000,10,delete,neo4j_optimized,postgres_normal,-95.24122156491148,1.7572949000858927e-198,True,-9.524122156491147
10000,10,delete,neo4j_optimized,postgres_optimized,-91.88682997898536,1.0067083113468202e-215,True,-9.188682997898535
10000,10,delete,postgres_normal,postgres_optimized,-1.597829757622284,0.1109419379445351,False,-0.15978297576222839
10000,10,easy,neo4j_normal,neo4j_optimized,-0.023925247508769128,0.9809282486765416,False,-0.0027626496179232562
10000,10,easy,neo4j_normal,postgres_normal,5.920516099366507,2.1247348462242244e-08,True,0.6836423127421533
10000,10,easy,neo4j_normal,postgres_optimized,5.923183642845666,2.0970420752414507e-08,True,0.6839503341313067
10000,10,easy,neo4j_optimized,postgres_normal,5.9167204105126014,2.1648021443081505e-08,True,0.6832040243458409
10000,10,easy,neo4j_optimized,postgres_optimized,5.919370980555483,2.1367755386286346e-08,True,0.6835100858113935
10000,10,easy,postgres_normal,postgres_optimized,0.17536997148113712,0.8609080578614754,False,0.020249980048482306
10000,10,medium,neo4j_normal,neo4j_optimized,0.6244872994107268,0.5328018772058728,False,0.07210958208405711
10000,10,medium,neo4j_normal,postgres_normal,5.498930385364422,1.516958964951333e-07,True,0.6349617876490323
10000,10,medium,neo4j_normal,postgres_optimized,6.869827270747086,1.6299382370142433e-10,True,0.7932593248104126
10000,10,medium,neo4j_optimized,postgres_normal,5.635631421969247,7.644480811820433e-08,True,0.6507466637054916
10000,10,medium,neo4j_optimized,postgres_optimized,7.310345002935276,1.508558607004522e-11,True,0.8441259310627435
10000,10,medium,postgres_normal,postgres_optimized,7.862031069462123,6.673890326666017e-13,True,0.9078291508662316
10000,10,update,neo4j_normal,neo4j_optimized,-0.4791811381023893,0.6320743150231942,False,-0.04791811381023894
10000,10,update,neo4j_normal,postgres_normal,2.5993419796866433,0.010039275913881615,True,0.25993419796866435
10000,10,update,neo4j_normal,postgres_optimized,2.613703822263365,0.0096407275189823,True,0.26137038222633646
10000,10,update,neo4j_optimized,postgres_normal,3.072344942361213,0.0024209069367109675,True,0.30723449423612126
10000,10,update,neo4j_optimized,postgres_optimized,3.0857186574152116,0.0023194773901448083,True,0.3085718657415211
10000,10,update,postgres_normal,postgres_optimized,0.46415443710085785,0.6427945985093424,False,0.04641544371008578
10000,10,very_complex,neo4j_normal,neo4j_optimized,1.1217948730795908,0.26289856102224374,False,0.12953371438960878
10000,10,very_complex,neo4j_normal,postgres_normal,-2.788334111834408,0.005965594854985785,True,-0.32196909001164226
10000,10,very_complex,neo4j_normal,postgres_optimized,-2.026838648852105,0.04435773020754787,True,-0.23403916790374
10000,10,very_complex,neo4j_optimized,postgres_normal,-5.2676427230210905,4.4848606227484877e-07,True,-0.6082549888261999
10000,10,very_complex,neo4j_optimized,postgres_optimized,-4.2867279706528985,3.0882619535029554e-05,True,-0.49498870955982976
10000,10,very_complex,postgres_normal,postgres_optimized,3.427185564888431,0.0007028312199815331,True,0.3957373016902271
100000,1,complex,neo4j_normal,neo4j_optimized,-0.5411131208656649,0.5888357851494763,False,-0.06248236119876603
100000,1,complex,neo4j_normal,postgres_normal,8.704118083794949,4.720962181972989e-15,True,1.0050649837474608
100000,1,complex,neo4j_normal,postgres_optimized,9.360643572143806,9.40154087548652e-17,True,1.0808740172330735
100000,1,complex,neo4j_optimized,postgres_normal,10.1000766341342,1.0156957129408865e-18,True,1.1662563927106462
100000,1,complex,neo4j_optimized,postgres_optimized,10.802510108501483,1.3328535635354163e-20,True,1.247366423813397
100000,1,complex,postgres_normal,postgres_optimized,3.871605169965328,0.00013290669277456497,True,0.4470544574150858
100000,1,create,neo4j_normal,neo4j_optimized,-5.54975136530549,7.034930970556197e-08,True,-0.5549751365305491
100000,1,create,neo4j_normal,postgres_normal,16.256000239232446,2.147467341529836e-38,True,1.6256000239232447
100000,1,create,neo4j_normal,postgres_optimized,16.479825747791086,4.593164211672413e-39,True,1.6479825747791081
100000,1,create,neo4j_optimized,postgres_normal,12.440766223606357,1.1598858516148737e-26,True,1.2440766223606354
100000,1,create,neo4j_optimized,postgres_optimized,12.528753042837874,6.253027606455341e-27,True,1.2528753042837872
100000,1,create,postgres_normal,postgres_optimized,5.227457367950337,2.8733394424871707e-07,True,0.5227457367950337
100000,1,delete,neo4j_normal,neo4j_optimized,-7.7190150653268255,2.5837345632419e-13,True,-0.7719015065326824
100000,1,delete,neo4j_normal,postgres_normal,17.16826443224074,3.378366080710602e-41,True,1.7168264432240739
100000,1,delete,neo4j_normal,postgres_optimized,17.26333258556926,1.5454840036231139e-41,True,1.7263332585569255
100000,1,delete,neo4j_optimized,postgres_normal,14.962488758201086,2.0354173901721086e-34,True,1.4962488758201087
100000,1,delete,neo4j_optimized,postgres_optimized,15.00373340249589,1.500478267754794e-34,True,1.5003733402495887
100000,1,delete,postgres_normal,postgres_optimized,1.3575523524460325,0.17543651905523455,False,0.13575523524460326
100000,1,easy,neo4j_normal,neo4j_optimized,0.06261171041863293,0.9501176988312044,False,0.007229777572924123
100000,1,easy,neo4j_normal,postgres_normal,6.8034167533993335,2.3165973110154907e-10,True,0.785590898796863
100000,1,easy,neo4j_normal,postgres_optimized,6.801909775700718,2.335098889045786e-10,True,0.7854168880008714
100000,1,easy,neo4j_optimized,postgres_normal,6.865330493580641,1.6673694931452687e-10,True,0.7927400817089059
100000,1,easy,neo4j_optimized,postgres_optimized,6.863789359647084,1.6810469048524284e-10,True,0.7925621268906266
100000,1,easy,postgres_normal,postgres_optimized,-0.05383667030839339,0.9571013684500345,False,-0.0062165232189648105
100000,1,medium,neo4j_normal,neo4j_optimized,-0.3940465990032772,0.6938304247166713,False,-0.04550058200155972
100000,1,medium,neo4j_normal,postgres_normal,9.561657695923513,2.0003811105752438e-17,True,1.1040851289280995
100000,1,medium,neo4j_normal,postgres_optimized,10.721850826099518,2.7114993445407574e-20,True,1.2380526921319135
100000,1,medium,neo4j_optimized,postgres_normal,9.345126890463968,8.147514357686021e-17,True,1.0790823051641167
100000,1,medium,neo4j_optimized,postgres_optimized,10.398559890819644,2.0001302592801554e-19,True,1.2007222704298337
100000,1,medium,postgres_normal,postgres_optimized,4.764817653680453,3.670820537334338e-06,True,0.5501937509983781
100000,1,update,neo4j_normal,neo4j_optimized,-0.7352976132378745,0.4625914084538464,False,-0.07352976132378744
100000,1,update,neo4j_normal,postgres_normal,9.239461493645214,3.825080873534801e-17,True,0.9239461493645214
100000,1,update,neo4j_normal,postgres_optimized,9.287131686034078,2.7985271206438066e-17,True,0.9287131686034079
100000,1,update,neo4j_optimized,postgres_normal,10.142896935930773,9.4093298885468e-20,True,1.0142896935930772
100000,1,update,neo4j_optimized,postgres_optimized,10.189886741629243,6.846467139786703e-20,True,1.0189886741629244
100000,1,update,postgres_normal,postgres_optimized,3.053377714230025,0.0024184437166652386,True,0.30533777142300245
100000,1,very_complex,neo4j_normal,neo4j_optimized,1.5166959089389673,0.13058099981366697,False,0.1751329582609434
100000,1,very_complex,neo4j_normal,postgres_normal,9.583637787947431,2.6925081835702806e-17,True,1.1066231713374641
100000,1,very_complex,neo4j_normal,postgres_optimized,10.196461321019875,5.752009221201122e-19,True,1.1773859376944869
100000,1,very_complex,neo4j_optimized,postgres_normal,11.957725672576132,9.427970153733594e-24,True,1.380759227191506
100000,1,very_complex,neo4j_optimized,postgres_optimized,12.846035865178333,2.1089684529424628e-26,True,1.4833324529560599
100000,1,very_complex,postgres_normal,postgres_optimized,4.265683573969911,2.7556329257309695e-05,True,0.4925587119418586
100000,3,complex,neo4j_normal,neo4j_optimized,-1.4272040275218392,0.15483635168587115,False,-0.16479932589565036
100000,3,complex,neo4j_normal,postgres_normal,13.751639118481188,3.3490053863014396e-29,True,1.5879025093707406
100000,3,complex,neo4j_normal,postgres_optimized,14.238299030870412,9.893481380522244e-32,True,1.6440971556550843
100000,3,complex,neo4j_optimized,postgres_normal,9.64613702215098,1.5807874572124583e-17,True,1.1138399612757763
100000,3,complex,neo4j_optimized,postgres_optimized,10.109037454633905,6.122710669980311e-19,True,1.1672910991361787
100000,3,complex,postgres_normal,postgres_optimized,2.375832732189432,0.01825071938216617,True,0.2743375334958186
100000,3,create,neo4j_normal,neo4j_optimized,-5.599318677208442,5.631232083836318e-08,True,-0.5599318677208441
100000,3,create,neo4j_normal,postgres_normal,10.986365853647543,2.9210438944577667e-22,True,1.0986365853647542
100000,3,create,neo4j_normal,postgres_optimized,11.188985043444895,7.103201186768799e-23,True,1.1188985043444892
100000,3,create,neo4j_optimized,postgres_normal,9.975036768437311,2.911973501730227e-19,True,0.9975036768437311
100000,3,create,neo4j_optimized,postgres_optimized,10.04995525705882,1.7574013934433796e-19,True,1.0049955257058818
100000,3,create,postgres_normal,postgres_optimized,4.027373098892771,6.827508448496748e-05,True,0.4027373098892771
100000,3,delete,neo4j_normal,neo4j_optimized,-7.149432474728671,9.889245338864725e-12,True,-0.7149432474728671
100000,3,delete,neo4j_normal,postgres_normal,9.78209576886683,1.0309495554774212e-18,True,0.9782095768866829
100000,3,delete,neo4j_normal,postgres_optimized,10.115568359749895,1.0530786400527825e-19,True,1.0115568359749894
100000,3,delete,neo4j_optimized,postgres_normal,10.958236969594754,3.5974126220462916e-22,True,1.0958236969594757
100000,3,delete,neo4j_optimized,postgres_optimized,11.076823329857723,1.577011285418464e-22,True,1.1076823329857721
100000,3,delete,postgres_normal,postgres_optimized,4.169606107413103,3.861651215543748e-05,True,0.4169606107413103
100000,3,easy,neo4j_normal,neo4j_optimized,-0.008977530559989694,0.9928430701574821,False,-0.0010366359370936285
100000,3,easy,neo4j_normal,postgres_normal,6.0923087439506665,9.0586912275491e-09,True,0.7034792186612456
100000,3,easy,neo4j_normal,postgres_optimized,6.093034643973827,9.025751388834586e-09,True,0.7035630383760011
100000,3,easy,neo4j_optimized,postgres_normal,6.102150434084037,8.623421266001839e-09,True,0.704615639150802
100000,3,easy,neo4j_optimized,postgres_optimized,6.1028759825875945,8.592050952567645e-09,True,0.70469941827557
100000,3,easy,postgres_normal,postgres_optimized,0.04176450800727941,0.9667144004730595,False,0.00482254998811501
100000,3,medium,neo4j_normal,neo4j_optimized,0.13906847802892736,0.8894904632209815,False,0.016058244645158554
100000,3,medium,neo4j_normal,postgres_normal,8.300261052747373,5.0591873010460857e-14,True,0.9584315906295727
100000,3,medium,neo4j_normal,postgres_optimized,8.896444406026424,1.7344766391949552e-15,True,1.0272729145299793
100000,3,medium,neo4j_optimized,postgres_normal,8.712065772354745,4.438226165068683e-15,True,1.0059827037733475
100000,3,medium,neo4j_optimized,postgres_optimized,9.359050325174268,1.1071665981968786e-16,True,1.0806900449197234
100000,3,medium,postgres_normal,postgres_optimized,4.268572791664687,2.9775084210114144e-05,True,0.49289233006462396
100000,3,update,neo4j_normal,neo4j_optimized,-0.6726957437712962,0.5015313085358242,False,-0.06726957437712962
100000,3,update,neo4j_normal,postgres_normal,7.52326870594625,1.8007785520273166e-12,True,0.752326870594625
100000,3,update,neo4j_normal,postgres_optimized,7.568179126169224,1.3751072071117176e-12,True,0.7568179126169224
100000,3,update,neo4j_optimized,postgres_normal,8.578993260785651,2.7005888591672427e-15,True,0.857899326078565
100000,3,update,neo4j_optimized,postgres_optimized,8.624319620253475,2.0193692810322565e-15,True,0.8624319620253474
100000,3,update,postgres_normal,postgres_optimized,2.120595293142088,0.03480545575965472,True,0.21205952931420877
100000,3,very_complex,neo4j_normal,neo4j_optimized,1.4256258541668816,0.15506879896023468,False,0.16461709413338785
100000,3,very_complex,neo4j_normal,postgres_normal,10.89942344082331,8.528743561125324e-21,True,1.2585570115142115
100000,3,very_complex,neo4j_normal,postgres_optimized,11.401263166286705,3.003616003927349e-22,True,1.316504471631479
100000,3,very_complex,neo4j_optimized,postgres_normal,11.195051391817458,1.2290248502876345e-21,True,1.2926931869315008
100000,3,very_complex,neo4j_optimized,postgres_optimized,11.79420575727519,1.978131854804745e-23,True,1.3618775737681328
100000,3,very_complex,postgres_normal,postgres_optimized,3.2929544996551905,0.0011266275398087628,True,0.3802376333610228
100000,5,complex,neo4j_normal,neo4j_optimized,-0.6467445159769072,0.518302845389593,False,-0.07467962407923633
100000,5,complex,neo4j_normal,postgres_normal,8.4260552038805,2.3149651982981307e-15,True,0.9729570480334107
100000,5,complex,neo4j_normal,postgres_optimized,7.640280302832626,3.0504731671674175e-13,True,0.8822235779049223
100000,5,complex,neo4j_optimized,postgres_normal,8.451527779133688,2.5507502590093787e-15,True,0.9758983676692871
100000,5,complex,neo4j_optimized,postgres_optimized,7.778670959962568,1.3619176291223249e-13,True,0.8982035545343827
100000,5,complex,postgres_normal,postgres_optimized,0.06306498402619946,0.9497600238788634,False,0.0072821171007931415
100000,5,create,neo4j_normal,neo4j_optimized,-5.081142889527809,7.039465606537689e-07,True,-0.5081142889527808
100000,5,create,neo4j_normal,postgres_normal,6.710236912036756,1.9718892135833093e-10,True,0.6710236912036756
100000,5,create,neo4j_normal,postgres_optimized,6.526751001368621,5.421695308940008e-10,True,0.652675100136862
100000,5,create,neo4j_optimized,postgres_normal,8.36203864111507,1.0617725352784055e-14,True,0.836203864111507
100000,5,create,neo4j_optimized,postgres_optimized,8.285253595418093,1.7132363492930493e-14,True,0.828525359541809
100000,5,create,postgres_normal,postgres_optimized,-3.657687194020315,0.0003036386794566538,True,-0.3657687194020315
100000,5,delete,neo4j_normal,neo4j_optimized,-7.047211180782091,1.8130934406990668e-11,True,-0.704721118078209
100000,5,delete,neo4j_normal,postgres_normal,1.5847438854426799,0.1146011585720387,False,0.15847438854426799
100000,5,delete,neo4j_normal,postgres_optimized,1.4740133193430132,0.14204177826234005,False,0.1474013319343013
100000,5,delete,neo4j_optimized,postgres_normal,8.020097788719099,8.863546140318637e-14,True,0.8020097788719097
100000,5,delete,neo4j_optimized,postgres_optimized,7.980897798504874,1.1261230511535201e-13,True,0.7980897798504875
100000,5,delete,postgres_normal,postgres_optimized,-1.1696364669007138,0.2428729023050328,False,-0.11696364669007138
100000,5,easy,neo4j_normal,neo4j_optimized,-0.008763151651993196,0.9930139696523895,False,-0.0010118815930455572
100000,5,easy,neo4j_normal,postgres_normal,5.987968056161233,1.522828363689627e-08,True,0.6914309938247137
100000,5,easy,neo4j_normal,postgres_optimized,5.989590182524385,1.5106585372906478e-08,True,0.6916183008431986
100000,5,easy,neo4j_optimized,postgres_normal,5.981312244012993,1.5738573119015186e-08,True,0.6906624468376211
100000,5,easy,neo4j_optimized,postgres_optimized,5.982929172051641,1.56132754588488e-08,True,0.690849153605296
100000,5,easy,postgres_normal,postgres_optimized,0.10125744159555936,0.919414205709089,False,0.011692202232529801
100000,5,medium,neo4j_normal,neo4j_optimized,-0.3627880168771854,0.7170278041269941,False,-0.041891151840562704
100000,5,medium,neo4j_normal,postgres_normal,8.091740769117246,1.6841647861832275e-13,True,0.9343537422525026
100000,5,medium,neo4j_normal,postgres_optimized,8.828539369365231,2.631584146839615e-15,True,1.0194319162908452
100000,5,medium,neo4j_optimized,postgres_normal,7.304849277067593,1.4598480455507598e-11,True,0.8434913393009236
100000,5,medium,neo4j_optimized,postgres_optimized,7.9157501382070885,5.13882294428825e-13,True,0.914032094626336
100000,5,medium,postgres_normal,postgres_optimized,5.5106929015934405,1.219180097599892e-07,True,0.6363200060312666
100000,5,update,neo4j_normal,neo4j_optimized,-0.7813281182376918,0.4350740542069399,False,-0.07813281182376917
100000,5,update,neo4j_normal,postgres_normal,6.258818481276046,2.3356371831279833e-09,True,0.6258818481276047
100000,5,update,neo4j_normal,postgres_optimized,6.223687794298849,2.8186160074816765e-09,True,0.6223687794298848
100000,5,update,neo4j_optimized,postgres_normal,7.337429823923962,5.405460207331629e-12,True,0.7337429823923962
100000,5,update,neo4j_optimized,postgres_optimized,7.302456533401004,6.638912679144324e-12,True,0.7302456533401002
100000,5,update,postgres_normal,postgres_optimized,-1.9188140836406475,0.055733888182202956,False,-0.19188140836406478
100000,5,very_complex,neo4j_normal,neo4j_optimized,1.740983734319771,0.08279065850196023,False,0.20103148553285594
100000,5,very_complex,neo4j_normal,postgres_normal,11.316354613426114,6.5791635440405e-22,True,1.3067000764613659
100000,5,very_complex,neo4j_normal,postgres_optimized,11.786639571724915,2.845829496018116e-23,True,1.3610039059152952
100000,5,very_complex,neo4j_optimized,postgres_normal,11.940894244440189,1.1611352985200617e-23,True,1.3788157012784794
100000,5,very_complex,neo4j_optimized,postgres_optimized,12.529247523895076,1.8859643022448549e-25,True,1.446752886132855
100000,5,very_complex,postgres_normal,postgres_optimized,3.2131262259160933,0.0014734892218724001,True,0.37101985829458056
100000,10,complex,neo4j_normal,neo4j_optimized,-0.5370168825520305,0.5916594323308527,False,-0.062009368340157696
100000,10,complex,neo4j_normal,postgres_normal,8.265447437605268,5.769980377464043e-15,True,0.9544116606148207
100000,10,complex,neo4j_normal,postgres_optimized,8.221743114442495,6.299172407057536e-15,True,0.9493651200662653
100000,10,complex,neo4j_optimized,postgres_normal,8.426460455178864,2.2484801614433612e-15,True,0.9730038424226507
100000,10,complex,neo4j_optimized,postgres_optimized,8.405754495274175,1.8812758845376384e-15,True,0.9706129241176904
100000,10,complex,postgres_normal,postgres_optimized,0.7841621171341829,0.43359760255485336,False,0.09054724188314547
100000,10,create,neo4j_normal,neo4j_optimized,-5.178023396330025,4.315408127264402e-07,True,-0.5178023396330025
100000,10,create,neo4j_normal,postgres_normal,-2.1622798380540686,0.03178378558347173,True,-0.21622798380540684
100000,10,create,neo4j_normal,postgres_optimized,-2.1909936576496833,0.029609495126923308,True,-0.21909936576496836
100000,10,create,neo4j_optimized,postgres_normal,4.702613113611779,4.7915997444098995e-06,True,0.4702613113611779
100000,10,create,neo4j_optimized,postgres_optimized,4.690335803250825,5.05871943481895e-06,True,0.46903358032508247
100000,10,create,postgres_normal,postgres_optimized,-0.4295121412063374,0.6677903823742222,False,-0.042951214120633734
100000,10,delete,neo4j_normal,neo4j_optimized,-7.018494720364814,2.1839343178671088e-11,True,-0.7018494720364814
100000,10,delete,neo4j_normal,postgres_normal,-16.185349739673,1.798325444953772e-38,True,-1.6185349739673
100000,10,delete,neo4j_normal,postgres_optimized,-15.98353101579465,8.582649087411036e-38,True,-1.5983531015794652
100000,10,delete,neo4j_optimized,postgres_normal,1.826194125693437,0.06931471441217889,False,0.1826194125693437
100000,10,delete,neo4j_optimized,postgres_optimized,1.9027379556998196,0.058514674013740844,False,0.19027379556998195
100000,10,delete,postgres_normal,postgres_optimized,1.4091432763331715,0.15958099175517623,False,0.14091432763331713
100000,10,easy,neo4j_normal,neo4j_optimized,-0.01660109327576384,0.9867659616627691,False,-0.0019169291343208677
100000,10,easy,neo4j_normal,postgres_normal,5.927715776521035,2.050775711597068e-08,True,0.6844736598508023
100000,10,easy,neo4j_normal,postgres_optimized,5.9292841367971825,2.0349909431829848e-08,True,0.6846547584963262
100000,10,easy,neo4j_optimized,postgres_normal,5.924143881813176,2.0871712804853956e-08,True,0.6840612129765824
100000,10,easy,neo4j_optimized,postgres_optimized,5.925705109645314,2.0711846539669656e-08,True,0.6842414880384127
100000,10,easy,postgres_normal,postgres_optimized,0.1050280982134474,0.9164241702753606,False,0.012127600155201665
100000,10,medium,neo4j_normal,neo4j_optimized,-0.40126016077889093,0.6885226279857422,False,-0.04633353236815304
100000,10,medium,neo4j_normal,postgres_normal,7.2364421513303885,2.0607430036858645e-11,True,0.8355923648091509
100000,10,medium,neo4j_normal,postgres_optimized,8.101958574911533,1.7875726430875382e-13,True,0.9355335928376742
100000,10,medium,neo4j_optimized,postgres_normal,6.760276270902206,2.757947092203429e-10,True,0.7806094649603256
100000,10,medium,neo4j_optimized,postgres_optimized,7.495872835560251,5.41822177376514e-12,True,0.8655488398843828
100000,10,medium,postgres_normal,postgres_optimized,6.485245913366573,9.988040324997699e-10,True,0.7488516947686225
100000,10,update,neo4j_normal,neo4j_optimized,-0.6197777898819067,0.5357588486225975,False,-0.06197777898819065
100000,10,update,neo4j_normal,postgres_normal,3.322972893433404,0.0010597737605712867,True,0.33229728934334035
100000,10,update,neo4j_normal,postgres_optimized,3.2977277185648877,0.0011543333490631226,True,0.3297727718564888
100000,10,update,neo4j_optimized,postgres_normal,4.263124648720311,3.110567636629555e-05,True,0.42631246487203106
100000,10,update,neo4j_optimized,postgres_optimized,4.2374789811071745,3.454887143486473e-05,True,0.4237478981107174
100000,10,update,postgres_normal,postgres_optimized,-0.8698517550130269,0.38490786196428994,False,-0.08698517550130269
100000,10,very_complex,neo4j_normal,neo4j_optimized,1.4846894197034621,0.13877791123355301,False,0.1714371672257566
100000,10,very_complex,neo4j_normal,postgres_normal,11.067894557045015,3.3673736318020518e-21,True,1.2780103803744667
100000,10,very_complex,neo4j_normal,postgres_optimized,11.521256967409428,1.7758590064692293e-22,True,1.3303601623073367
100000,10,very_complex,neo4j_optimized,postgres_normal,12.549264930826423,3.2365905333886866e-25,True,1.4490642971889132
100000,10,very_complex,neo4j_optimized,postgres_optimized,13.13942704470655,5.713492823782909e-27,True,1.5172103482517554
100000,10,very_complex,postgres_normal,postgres_optimized,3.9925276244340253,8.55029505757514e-05,True,0.4610173797428004
